Tanggal,SU,KU,CH
1/1/2008,18.7,100,18
1/2/2008,19,99,78
1/3/2008,19.5,95,33
1/4/2008,18.9,98,29
1/5/2008,20.8,84,36
1/6/2008,20.9,73,1
1/7/2008,21.5,81,0
1/8/2008,22.5,72,0
1/9/2008,21.1,65,0
1/10/2008,22.1,76,0
1/11/2008,22.1,70,0
1/12/2008,21.3,71,0
1/13/2008,22.3,72,0
1/14/2008,20.9,86,0
1/15/2008,20.8,90,6
1/16/2008,21.1,88,1
1/17/2008,22.2,76,0
1/18/2008,21.8,78,0
1/19/2008,22,73,0
1/20/2008,21,76,0
1/21/2008,21.2,72,2
1/22/2008,21.9,84,0
1/23/2008,21,88,2
1/24/2008,20.8,84,12
1/25/2008,22.1,82,1
1/26/2008,22.1,86,0
1/27/2008,21.2,85,6
1/28/2008,21,88,24
1/29/2008,20.6,87,10
1/30/2008,20.5,90,10
1/31/2008,21.3,91,46
2/1/2008,19.5,97,22
2/2/2008,21,90,70
2/3/2008,20.9,79,5
2/4/2008,20.6,84,2
2/5/2008,21.7,84,1
2/6/2008,20.1,92,12
2/7/2008,20.1,94,11
2/8/2008,19.1,100,31
2/9/2008,19.3,92,39
2/10/2008,19,94,9
2/11/2008,19.4,91,28
2/12/2008,19.6,88,6
2/13/2008,19.4,92,29
2/14/2008,18.4,96,5
2/15/2008,19.4,91,59
2/16/2008,19.9,90,4
2/17/2008,19,96,7
2/18/2008,19.5,96,39
2/19/2008,19.5,91,11
2/20/2008,19.2,96,16
2/21/2008,19,99,15
2/22/2008,18.4,98,24
2/23/2008,19.5,95,14
2/24/2008,21.5,83,8
2/25/2008,20.3,83,6
2/26/2008,19.3,88,3
2/27/2008,20,86,29
2/28/2008,20.9,83,10
2/29/2008,19.6,89,0
3/1/2008,20.9,78,5
3/2/2008,19.8,89,0
3/3/2008,21.1,80,46
3/4/2008,19.8,90,9
3/5/2008,21.2,78,21
3/6/2008,19.3,88,5
3/7/2008,20.2,92,62
3/8/2008,20.6,94,13
3/9/2008,20.6,89,17
3/10/2008,19.5,93,50
3/11/2008,20,94,60
3/12/2008,20.8,86,27
3/13/2008,20.5,86,58
3/14/2008,21.4,82,4
3/15/2008,20.2,88,5
3/16/2008,20.6,92,9
3/17/2008,21.1,92,12
3/18/2008,19.8,92,32
3/19/2008,20.2,88,28
3/20/2008,21.4,84,40
3/21/2008,21.3,80,2
3/22/2008,21.3,80,0
3/23/2008,20.4,80,1
3/24/2008,20.7,77,2
3/25/2008,21.3,72,1
3/26/2008,21.6,66,3
3/27/2008,21.8,79,0
3/28/2008,21.5,86,4
3/29/2008,22.4,79,0
3/30/2008,21.6,82,0
3/31/2008,20.8,82,0
4/1/2008,21,74,1
4/2/2008,21.3,80,0
4/3/2008,21.4,71,0
4/4/2008,21.3,76,0
4/5/2008,21.3,79,1
4/6/2008,21,84,2
4/7/2008,21.3,83,49
4/8/2008,20.5,88,15
4/9/2008,19.9,94,61
4/10/2008,21.3,82,35
4/11/2008,20.4,91,4
4/12/2008,19.8,93,25
4/13/2008,21,90,6
4/14/2008,19.9,92,0
4/15/2008,21.2,86,40
4/16/2008,21.1,93,5
4/17/2008,22.1,79,18
4/18/2008,20.9,87,0
4/19/2008,20.5,90,7
4/20/2008,20.2,91,0
4/21/2008,20.8,89,80
4/22/2008,20.9,90,26
4/23/2008,21.2,93,19
4/24/2008,22.6,75,0
4/25/2008,21.4,86,0
4/26/2008,21.1,88,4
4/27/2008,21.6,86,7
4/28/2008,22,78,0
4/29/2008,21.1,86,0
4/30/2008,21.6,88,1
5/1/2008,21.1,85,0
5/2/2008,22.1,76,0
5/3/2008,21.9,85,11
5/4/2008,21.3,88,7
5/5/2008,21.4,84,1
5/6/2008,20.6,88,10
5/7/2008,20.7,88,6
5/8/2008,21.2,85,22
5/9/2008,21.4,73,0
5/10/2008,21,78,0
5/11/2008,20.1,73,0
5/12/2008,20.1,75,0
5/13/2008,20.2,73,0
5/14/2008,20.7,82,39
5/15/2008,20.4,84,0
5/16/2008,21.2,68,0
5/17/2008,21.3,79,3
5/18/2008,21,77,0
5/19/2008,21.6,83,0
5/20/2008,21,87,2
5/21/2008,21.6,88,12
5/22/2008,20.7,83,5
5/23/2008,21.5,86,31
5/24/2008,20.9,82,0
5/25/2008,21.6,78,1
5/26/2008,21,79,0
5/27/2008,21.1,80,5
5/28/2008,21.7,78,0
5/29/2008,21.2,84,0
5/30/2008,21.7,80,0
5/31/2008,20.6,80,0
6/1/2008,21.6,81,0
6/2/2008,21.1,83,0
6/3/2008,21,82,0
6/4/2008,21,80,0
6/5/2008,21.5,78,0
6/6/2008,20.7,87,0
6/7/2008,21.3,78,0
6/8/2008,21.1,81,0
6/9/2008,20.9,80,0
6/10/2008,20.7,87,16
6/11/2008,21.3,83,19
6/12/2008,20.9,83,0
6/13/2008,21,86,0
6/14/2008,20.8,88,3
6/15/2008,20.7,88,1
6/16/2008,21.7,87,0
6/17/2008,20.9,88,9
6/18/2008,20.9,82,13
6/19/2008,21.3,78,0
6/20/2008,21,66,0
6/21/2008,20.1,78,0
6/22/2008,20.7,73,0
6/23/2008,21.1,72,0
6/24/2008,21,74,0
6/25/2008,21.5,76,0
6/26/2008,21.5,78,2
6/27/2008,21.4,83,0
6/28/2008,21.7,79,0
6/29/2008,20.9,85,0
6/30/2008,21.6,75,0
7/1/2008,20.9,74,0
7/2/2008,21.2,76,0
7/3/2008,21,74,0
7/4/2008,20.8,80,0
7/5/2008,21.1,72,0
7/6/2008,20.8,64,0
7/7/2008,21,70,0
7/8/2008,23.3,63,0
7/9/2008,21.5,75,0
7/10/2008,20.7,81,0
7/11/2008,20.7,78,0
7/12/2008,21.4,69,0
7/13/2008,21.8,73,0
7/14/2008,21.7,80,0
7/15/2008,20.4,78,0
7/16/2008,20.2,80,1
7/17/2008,20.8,72,0
7/18/2008,20.5,75,0
7/19/2008,21.5,73,0
7/20/2008,20.7,75,0
7/21/2008,20.9,69,0
7/22/2008,21,68,0
7/23/2008,20.2,75,0
7/24/2008,20.3,75,0
7/25/2008,20.9,69,0
7/26/2008,20.6,86,0
7/27/2008,21.3,85,2
7/28/2008,21.9,65,0
7/29/2008,19.8,75,0
7/30/2008,20.7,74,0
7/31/2008,21.1,77,0
8/1/2008,21.5,88,0
8/2/2008,21,92,0
8/3/2008,20.9,76,0
8/4/2008,20.2,77,0
8/5/2008,20.9,76,0
8/6/2008,20,80,0
8/7/2008,22.4,65,0
8/8/2008,20.8,75,0
8/9/2008,21.5,73,0
8/10/2008,20.3,79,0
8/11/2008,21.7,77,0
8/12/2008,21.4,86,0
8/13/2008,20,92,0
8/14/2008,20.3,86,0
8/15/2008,19.1,93,8
8/16/2008,20.3,85,0
8/17/2008,21.5,72,0
8/18/2008,20.3,83,0
8/19/2008,21,84,0
8/20/2008,20.6,86,1
8/21/2008,20.9,86,2
8/22/2008,21,79,39
8/23/2008,21.3,82,24
8/24/2008,19.4,89,0
8/25/2008,20.9,84,1
8/26/2008,21,80,0
8/27/2008,21.7,77,0
8/28/2008,20.5,84,0
8/29/2008,20,88,0
8/30/2008,20.5,91,0
8/31/2008,19.8,92,0
9/1/2008,20.7,90,38
9/2/2008,21.7,82,1
9/3/2008,21.7,80,0
9/4/2008,21,80,0
9/5/2008,20.8,80,0
9/6/2008,20.8,77,0
9/7/2008,21.2,87,0
9/8/2008,20.6,88,0
9/9/2008,20.4,85,1
9/10/2008,21.1,84,28
9/11/2008,21,88,5
9/12/2008,21.5,82,0
9/13/2008,21.6,83,0
9/14/2008,21.9,73,0
9/15/2008,23.2,64,0
9/16/2008,21.4,62,0
9/17/2008,21.9,68,6
9/18/2008,22.6,74,0
9/19/2008,21.3,82,0
9/20/2008,22.3,77,0
9/21/2008,21.4,80,0
9/22/2008,20.9,78,0
9/23/2008,21.2,73,0
9/24/2008,21.3,82,1
9/25/2008,20.2,78,43
9/26/2008,20.4,86,11
9/27/2008,21.3,75,18
9/28/2008,20.9,87,8
9/29/2008,21.1,83,0
9/30/2008,20.9,82,0
10/1/2008,19.2,83,26
10/2/2008,19.9,85,2
10/3/2008,20.1,88,2
10/4/2008,20.2,89,0
10/5/2008,20.1,86,25
10/6/2008,20.1,86,0
10/7/2008,20.1,86,1
10/8/2008,20,86,1
10/9/2008,22,81,5
10/10/2008,20.9,80,0
10/11/2008,20.8,86,0
10/12/2008,21.2,84,0
10/13/2008,23.1,74,0
10/14/2008,21.7,86,0
10/15/2008,21.8,75,3
10/16/2008,20.6,89,0
10/17/2008,20.6,88,11
10/18/2008,21,78,23
10/19/2008,21.4,84,0
10/20/2008,22.2,78,10
10/21/2008,21.6,76,1
10/22/2008,21.4,86,0
10/23/2008,21,92,6
10/24/2008,20.3,89,40
10/25/2008,20.5,82,0
10/26/2008,20.5,85,1.5
10/27/2008,20.6,82,3
10/28/2008,20.7,87,0
10/29/2008,19.4,74,65
10/30/2008,20.4,84,0
10/31/2008,21,85,0
11/1/2008,21.3,86,11
11/2/2008,21,89,35
11/3/2008,20.1,93,56
11/4/2008,21,88,30
11/5/2008,20.8,88,14
11/6/2008,20.4,91,18
11/7/2008,21.1,89,26
11/8/2008,21.1,86,1
11/9/2008,21,92,5
11/10/2008,20.6,91,27
11/11/2008,21.5,83,20
11/12/2008,22,81,0
11/13/2008,21,87,10
11/14/2008,20.5,88,58
11/15/2008,20.5,90,48
11/16/2008,22.2,82,10
11/17/2008,22,89,8
11/18/2008,21,93,32
11/19/2008,20.4,88,16
11/20/2008,21.4,84,0
11/21/2008,22,81,2
11/22/2008,21.8,80,4
11/23/2008,22.2,81,0
11/24/2008,20.1,93,47
11/25/2008,22.3,81,1
11/26/2008,20.1,89,0
11/27/2008,22.2,79,12
11/28/2008,21.8,82,0
11/29/2008,22.3,79,0
11/30/2008,21.6,84,0
12/1/2008,22,84,18
12/2/2008,21.3,86,2
12/3/2008,21.3,86,24
12/4/2008,21.3,88,23
12/5/2008,20.9,87,27
12/6/2008,21.8,87,5
12/7/2008,21.6,86,4
12/8/2008,20.7,89,6
12/9/2008,21.6,83,2
12/10/2008,21.3,83,0
12/11/2008,20.3,94,8
12/12/2008,20.8,85,0
12/13/2008,21.5,85,0
12/14/2008,21.7,84,8
12/15/2008,20.4,94,5
12/16/2008,21.5,83,48
12/17/2008,21.5,80,1
12/18/2008,21.2,87,0
12/19/2008,20.8,89,0
12/20/2008,20.4,91,3
12/21/2008,20.7,87,5
12/22/2008,20.5,94,7
12/23/2008,19.6,97,32
12/24/2008,21.4,85,12
12/25/2008,20.9,87,0
12/26/2008,20.7,86,11
12/27/2008,20.7,86,1
12/28/2008,22,73,2
12/29/2008,21.3,80,1
12/30/2008,21.8,82,3
12/31/2008,21.2,88,1
1/1/2009,20.6,90,3
1/2/2009,21.2,80,10
1/3/2009,20.4,74,5
1/4/2009,21.1,67,0
1/5/2009,21.3,66,0
1/6/2009,20.6,72,0
1/7/2009,20.2,88,20
1/8/2009,20.2,88,0
1/9/2009,19.7,93,38
1/10/2009,20.6,88,4
1/11/2009,19.5,89,2
1/12/2009,19,90,25
1/13/2009,19.3,99,26
1/14/2009,18.7,99,89
1/15/2009,18.7,96,69
1/16/2009,19,100,44
1/17/2009,19.5,96,23
1/18/2009,19.4,95,65
1/19/2009,19.8,96,0
1/20/2009,20,93,25
1/21/2009,20.3,92,21
1/22/2009,20.5,86,0
1/23/2009,20.8,90,0
1/24/2009,21.2,88,0
1/25/2009,20.2,94,20
1/26/2009,20,92,30
1/27/2009,20.7,94,0
1/28/2009,20.4,94,2
1/29/2009,20.4,93,10
1/30/2009,19.5,97,57
1/31/2009,20.5,91,22
2/1/2009,19.8,93,8
2/2/2009,19,99,42
2/3/2009,19,96,59
2/4/2009,18.8,99,84
2/5/2009,19,98,23
2/6/2009,18.8,98,40
2/7/2009,19,97,26
2/8/2009,19.4,100,6
2/9/2009,20,98,77
2/10/2009,20.6,92,32
2/11/2009,20.7,89,0
2/12/2009,22.2,72,2
2/13/2009,20.2,92,1
2/14/2009,21.8,76,6
2/15/2009,21.7,84,1
2/16/2009,20.1,90,2
2/17/2009,21.1,82,6
2/18/2009,20.6,92,11
2/19/2009,20.8,92,9
2/20/2009,20.8,85,7
2/21/2009,19.8,91,29
2/22/2009,19.8,90,31
2/23/2009,20.4,90,21
2/24/2009,20.9,86,8
2/25/2009,20.7,91,0
2/26/2009,21.1,86,1
2/27/2009,20.9,90,1
2/28/2009,20,90,11
3/1/2009,21.3,85,14
3/2/2009,22,74,1
3/3/2009,21.1,86,0
3/4/2009,21.5,88,8
3/5/2009,20.2,92,10
3/6/2009,21.8,87,33
3/7/2009,22.5,84,0
3/8/2009,21.4,80,3
3/9/2009,21,82,0
3/10/2009,20.8,86,80
3/11/2009,20.2,86,42
3/12/2009,21,79,5
3/13/2009,20.5,85,23
3/14/2009,20,94,34
3/15/2009,20.6,87,25
3/16/2009,21.8,74,3
3/17/2009,21.4,71,0
3/18/2009,22.4,73,0
3/19/2009,21.4,81,0
3/20/2009,21.9,80,9
3/21/2009,21.3,82,0
3/22/2009,20.6,87,25
3/23/2009,20.5,88,12
3/24/2009,20.9,86,5
3/25/2009,20.7,87,2
3/26/2009,20.9,73,12
3/27/2009,21.2,84,13
3/28/2009,21,89,7
3/29/2009,20.4,91,0
3/30/2009,21.1,82,23
3/31/2009,21.1,84,3
4/1/2009,21.7,81,0
4/2/2009,22.1,84,1
4/3/2009,21.1,84,2
4/4/2009,21.4,86,21
4/5/2009,21.9,88,0
4/6/2009,20.7,87,14
4/7/2009,20.8,91,11
4/8/2009,21.8,72,49
4/9/2009,23.3,68,1
4/10/2009,22,78,0
4/11/2009,22.1,83,0
4/12/2009,21.5,88,0
4/13/2009,21.3,89,0
4/14/2009,22.9,79,7
4/15/2009,22.2,83,0
4/16/2009,21.1,92,18
4/17/2009,22,85,5
4/18/2009,23.3,78,2.5
4/19/2009,21.5,84,0
4/20/2009,22.5,76,33
4/21/2009,22,84,0
4/22/2009,22.6,80,4
4/23/2009,21.2,87,16
4/24/2009,21.4,83,28
4/25/2009,22.3,73,0
4/26/2009,21.6,80,0
4/27/2009,20.7,84,4
4/28/2009,21.7,86,24
4/29/2009,22,82,1
4/30/2009,21.7,82,0
5/1/2009,21.4,87,9
5/2/2009,21.7,88,39
5/3/2009,21.4,81,2
5/4/2009,21.5,85,4
5/5/2009,21.6,87,10
5/6/2009,21.7,90,51
5/7/2009,21.9,92,2
5/8/2009,21.4,94,10
5/9/2009,22.1,86,2
5/10/2009,21.3,84,0
5/11/2009,20,92,33
5/12/2009,21.9,76,58
5/13/2009,21.9,82,0
5/14/2009,21.7,84,7
5/15/2009,22.3,80,0
5/16/2009,21.7,78,4
5/17/2009,21.7,82,0
5/18/2009,20.9,86,1
5/19/2009,21.8,86,64
5/20/2009,22.1,90,0
5/21/2009,20.8,87,38
5/22/2009,21.9,87,11
5/23/2009,21.7,85,0
5/24/2009,21.7,84,22
5/25/2009,22.1,73,3
5/26/2009,22.6,65,0
5/27/2009,22.9,66,0
5/28/2009,22.3,77,0
5/29/2009,22,80,0
5/30/2009,21.4,84,2
5/31/2009,22.6,84,17
6/1/2009,22.3,83,13
6/2/2009,22,84,23
6/3/2009,23,76,34
6/4/2009,21.3,89,0
6/5/2009,21.1,88,5
6/6/2009,22.1,81,3
6/7/2009,22.5,78,0
6/8/2009,20.7,82,0
6/9/2009,22.5,75,47
6/10/2009,21.6,86,0
6/11/2009,21.4,84,1.5
6/12/2009,22.1,86,3
6/13/2009,22,84,0
6/14/2009,21.7,83,5
6/15/2009,20.8,88,7
6/16/2009,21,84,0
6/17/2009,21.7,89,5
6/18/2009,21.5,85,0
6/19/2009,22.8,75,0
6/20/2009,21.9,76,0
6/21/2009,22,81,0
6/22/2009,21.4,79,0
6/23/2009,20.9,85,0
6/24/2009,21.2,82,4
6/25/2009,21.9,77,2
6/26/2009,21.7,75,0
6/27/2009,21.6,79,0
6/28/2009,21.6,73,0
6/29/2009,21.7,81,0
6/30/2009,21.3,84,2
7/1/2009,20.9,83,0
7/2/2009,21.3,84,0
7/3/2009,20.7,87,0
7/4/2009,21.3,86,0
7/5/2009,21.7,86,2
7/6/2009,21.3,80,0
7/7/2009,21.1,67,0
7/8/2009,21,78,0
7/9/2009,22.1,76,0
7/10/2009,21.7,67,0
7/11/2009,21.1,66,0
7/12/2009,20.3,57,0
7/13/2009,19.9,66,0
7/14/2009,20.1,68,0
7/15/2009,20.9,69,0
7/16/2009,21.9,66,0
7/17/2009,21.1,75,0
7/18/2009,21.1,80,0
7/19/2009,21.3,76,0
7/20/2009,21.8,77,0
7/21/2009,22.1,76,0
7/22/2009,21.6,79,0
7/23/2009,20.5,83,0
7/24/2009,20.9,88,14
7/25/2009,20.5,90,67
7/26/2009,22,81,4
7/27/2009,22.6,62,0
7/28/2009,23.7,52,0
7/29/2009,21.2,65,0
7/30/2009,20.2,72,0
7/31/2009,20.2,70,0
8/1/2009,20.8,62,0
8/2/2009,20.7,64,0
8/3/2009,20.4,65,0
8/4/2009,20.3,75,0
8/5/2009,21,76,0
8/6/2009,21.3,62,0
8/7/2009,21.3,74,0
8/8/2009,21.7,78,0
8/9/2009,21.1,74,0
8/10/2009,21.5,71,0
8/11/2009,22.4,75,0
8/12/2009,21.5,86,0
8/13/2009,22.3,81,0
8/14/2009,21.9,80,0
8/15/2009,21.6,80,6
8/16/2009,21.2,81,3
8/17/2009,21.1,86,0
8/18/2009,22.2,84,2
8/19/2009,22.4,72,0
8/20/2009,21,80,0
8/21/2009,20.7,76,0
8/22/2009,20.8,74,0
8/23/2009,21.4,73,0
8/24/2009,21.2,76,0
8/25/2009,21.5,84,2
8/26/2009,21.5,74,0
8/27/2009,21.2,76,2
8/28/2009,21.3,69,0
8/29/2009,21.4,78,0
8/30/2009,21.8,76,0
8/31/2009,21.8,72,0
9/1/2009,22.4,76,0
9/2/2009,21.7,85,1
9/3/2009,21.7,80,0
9/4/2009,21.3,76,0
9/5/2009,21,82,0
9/6/2009,22.2,78,0
9/7/2009,21.7,69,0
9/8/2009,21.6,75,0
9/9/2009,22.1,72,0
9/10/2009,22.1,80,0
9/11/2009,21.6,87,1
9/12/2009,22.5,74,17
9/13/2009,22.6,72,0
9/14/2009,22.7,70,0
9/15/2009,21.9,76,0
9/16/2009,20.9,86,8
9/17/2009,21.2,90,16
9/18/2009,21.3,86,14
9/19/2009,21.1,85,12
9/20/2009,21.7,75,6
9/21/2009,23.7,71,0
9/22/2009,21.7,75,0
9/23/2009,21.7,76,0
9/24/2009,21.9,84,0
9/25/2009,21.8,75,2
9/26/2009,22.5,70,1
9/27/2009,22.4,69,0
9/28/2009,22.3,62,1
9/29/2009,22.9,64,0
9/30/2009,22.2,76,0
10/1/2009,22.3,76,0
10/2/2009,21.9,78,0
10/3/2009,21.5,89,0
10/4/2009,21.7,92,46
10/5/2009,20.9,94,20
10/6/2009,20.6,94,36
10/7/2009,20.4,92,11
10/8/2009,21.2,82,21
10/9/2009,22.6,78,5
10/10/2009,21.8,84,0
10/11/2009,21.7,83,9
10/12/2009,21.5,84,0
10/13/2009,20.8,84,14
10/14/2009,20.8,83,15
10/15/2009,20.6,89,24
10/16/2009,22.3,84,10
10/17/2009,22.3,73,0
10/18/2009,22,78,0
10/19/2009,24.2,53,0
10/20/2009,23.6,59,0
10/21/2009,21.8,82,0
10/22/2009,21.4,78,5
10/23/2009,20.8,81,26
10/24/2009,21.4,84,14
10/25/2009,23.7,59,43
10/26/2009,21.1,86,0
10/27/2009,21.6,82,2
10/28/2009,21.6,77,25
10/29/2009,21.8,88,32
10/30/2009,23.3,70,0
10/31/2009,22,79,0
11/1/2009,21.7,86,9
11/2/2009,23.8,69,0
11/3/2009,23.6,68,0
11/4/2009,24.5,68,1
11/5/2009,23.4,78,0
11/6/2009,22,86,1
11/7/2009,21.8,86,13
11/8/2009,22.7,78,0
11/9/2009,21.7,87,1
11/10/2009,21.7,90,2
11/11/2009,22.6,83,5
11/12/2009,21.7,86,48
11/13/2009,21.1,90,8
11/14/2009,21.6,89,50
11/15/2009,21,92,2
11/16/2009,21.4,88,12
11/17/2009,20.6,88,0
11/18/2009,21,88,17
11/19/2009,20.4,86,18.5
11/20/2009,21,89,20
11/21/2009,20.7,92,16
11/22/2009,21.3,84,6
11/23/2009,22.5,78,32
11/24/2009,20.6,88,0
11/25/2009,19.5,93,47
11/26/2009,20.8,96,10
11/27/2009,21.8,87,4
11/28/2009,20.4,90,0
11/29/2009,21.6,88,4
11/30/2009,21.5,87,4
12/1/2009,21.3,84,2
12/2/2009,21,85,8
12/3/2009,22.7,80,0
12/4/2009,21.6,83,4
12/5/2009,20.9,90,15
12/6/2009,22.9,75,14
12/7/2009,21.7,81,5
12/8/2009,21.2,90,4
12/9/2009,21.5,90,0
12/10/2009,21.5,84,0
12/11/2009,22,86,31
12/12/2009,22.5,82,16.5
12/13/2009,21.8,92,2
12/14/2009,21.2,89,3
12/15/2009,20.6,86,8
12/16/2009,21.6,74,6
12/17/2009,21.7,83,0
12/18/2009,21.8,76,0
12/19/2009,21.9,67,0
12/20/2009,21.8,77,0
12/21/2009,21.3,87,1
12/22/2009,20.7,89,0
12/23/2009,21.8,83,1
12/24/2009,21.3,94,13
12/25/2009,20.8,92,14
12/26/2009,20.2,95,50
12/27/2009,21,90,30
12/28/2009,20.8,92,6
12/29/2009,21,88,6
12/30/2009,20.6,89,7.5
12/31/2009,22,83,9
1/1/2010,21.8,82,7
1/2/2010,22.9,76,0
1/3/2010,21.8,86,0
1/4/2010,21.7,85,2
1/5/2010,21.5,87,12
1/6/2010,21.6,85,2
1/7/2010,19.9,86,13
1/8/2010,19.8,93,20
1/9/2010,20.3,91,4
1/10/2010,19.8,94,56
1/11/2010,20.5,91,2
1/12/2010,20.3,96,20
1/13/2010,19.3,99,5
1/14/2010,19.4,98,27
1/15/2010,19.3,92,18
1/16/2010,18.8,99,9
1/17/2010,19.7,98,24
1/18/2010,21,80,24
1/19/2010,19.9,96,0
1/20/2010,20.1,88,48
1/21/2010,20.5,85,6
1/22/2010,19.5,93,4
1/23/2010,21.6,85,30
1/24/2010,20.9,90,2
1/25/2010,20.7,88,1
1/26/2010,20.6,94,1
1/27/2010,21,86,2
1/28/2010,20.4,90,3
1/29/2010,21,89,26
1/30/2010,21.1,92,23
1/31/2010,21.2,92,28
2/1/2010,21.5,87,0
2/2/2010,20.8,88,4
2/3/2010,21.4,90,40
2/4/2010,21.2,92,5
2/5/2010,20.8,93,7
2/6/2010,21.2,91,14
2/7/2010,21.8,86,2
2/8/2010,21.6,89,10
2/9/2010,21,90,1
2/10/2010,21.7,87,44
2/11/2010,21.2,90,33
2/12/2010,20.8,89,4
2/13/2010,20.9,91,115
2/14/2010,20.4,96,2
2/15/2010,21.4,87,46
2/16/2010,21.4,90,5
2/17/2010,21.4,91,34
2/18/2010,20.5,97,46
2/19/2010,20.7,94,30
2/20/2010,21.6,84,30
2/21/2010,21.5,88,8
2/22/2010,21.3,90,10.5
2/23/2010,22.2,85,13
2/24/2010,21.2,92,20
2/25/2010,21.2,88,10
2/26/2010,22.2,81,5
2/27/2010,22.1,85,0
2/28/2010,22.1,88,1
3/1/2010,21.5,86,2
3/2/2010,21.5,80,11
3/3/2010,22,84,50
3/4/2010,22,90,23
3/5/2010,21.5,92,10
3/6/2010,22.7,84,0
3/7/2010,22.1,86,3
3/8/2010,22.5,88,0
3/9/2010,21.7,90,10
3/10/2010,21.1,94,0
3/11/2010,20,97,30
3/12/2010,21.3,91,60
3/13/2010,21.3,86,30
3/14/2010,22.1,83,0
3/15/2010,20.6,88,3
3/16/2010,20.9,91,58
3/17/2010,19.8,96,68.5
3/18/2010,20.9,88,79
3/19/2010,21.3,86,19
3/20/2010,21.3,91,15
3/21/2010,21.3,92,6
3/22/2010,21.6,82,10
3/23/2010,21.3,88,1
3/24/2010,21.3,90,18
3/25/2010,22.5,87,5
3/26/2010,22.8,83,18
3/27/2010,22.7,81,0
3/28/2010,20.8,90,8
3/29/2010,21.1,82,3
3/30/2010,20.5,90,3
3/31/2010,21.9,84,30
4/1/2010,22.9,77,1
4/2/2010,23.2,76,0
4/3/2010,21.7,86,3
4/4/2010,23,78,1
4/5/2010,22.2,81,5
4/6/2010,22.7,68,1
4/7/2010,23,79,0.5
4/8/2010,22.6,82,0
4/9/2010,22.7,79,0
4/10/2010,22.4,78,0
4/11/2010,21,88,8
4/12/2010,22.5,75,18
4/13/2010,22.3,75,6
4/14/2010,21.9,89,1
4/15/2010,22.9,86,10
4/16/2010,21.2,80,6.5
4/17/2010,22.6,82,3
4/18/2010,21.8,73,0
4/19/2010,22.4,76,0
4/20/2010,22.7,72,0
4/21/2010,22.5,80,3
4/22/2010,23,87,13
4/23/2010,23.1,82,0
4/24/2010,22.8,84,1
4/25/2010,23.2,73,0
4/26/2010,23.1,78,0
4/27/2010,22.6,78,0
4/28/2010,22.6,84,0
4/29/2010,22.2,84,8
4/30/2010,22.2,86,2
5/1/2010,23.5,81,0
5/2/2010,23.1,81,0
5/3/2010,22.9,81,0
5/4/2010,23.5,80,0
5/5/2010,23.2,80,0
5/6/2010,24.4,67,0
5/7/2010,23.1,84,0
5/8/2010,21.3,92,13
5/9/2010,22.1,85,30
5/10/2010,21.7,91,19
5/11/2010,22,90,56
5/12/2010,22.2,84,4
5/13/2010,21.3,93,2
5/14/2010,21.3,90,11
5/15/2010,22.7,85,33
5/16/2010,21.1,91,5
5/17/2010,23.4,85,21
5/18/2010,23.4,80,0
5/19/2010,23.1,82,0
5/20/2010,21.3,92,7
5/21/2010,22.7,79,19
5/22/2010,22.4,82,7
5/23/2010,22,88,3
5/24/2010,21.7,91,16
5/25/2010,22.3,83,3
5/26/2010,22.7,86,1
5/27/2010,21.3,87,21
5/28/2010,22.1,86,0
5/29/2010,21.8,82,0
5/30/2010,22,86,10
5/31/2010,22.5,85,20
6/1/2010,21.9,90,8
6/2/2010,22.5,88,6
6/3/2010,22.4,89,0
6/4/2010,21.4,92,37
6/5/2010,21.4,92,8
6/6/2010,21,90,7
6/7/2010,21.1,91,4
6/8/2010,20.5,94,1
6/9/2010,21.5,80,119
6/10/2010,21.4,82,0
6/11/2010,22.4,73,0
6/12/2010,21,89,0
6/13/2010,21.7,77,12
6/14/2010,22.2,86,0
6/15/2010,21.2,92,9.5
6/16/2010,19.8,91,19
6/17/2010,20.3,88,4
6/18/2010,21.1,84,0
6/19/2010,22.2,78,8
6/20/2010,23.1,82,0
6/21/2010,22.2,83,0
6/22/2010,21.6,78,0
6/23/2010,21.1,82,0
6/24/2010,21.2,89,0
6/25/2010,21.4,94,11
6/26/2010,21,90,8
6/27/2010,22.3,88,5
6/28/2010,21.1,91,0
6/29/2010,20.5,91,0
6/30/2010,21.6,89,10
7/1/2010,22.1,80,5.5
7/2/2010,21.1,87,1
7/3/2010,20.7,87,0
7/4/2010,21.9,82,19
7/5/2010,22,80,1
7/6/2010,21.8,86,1
7/7/2010,21,89,3
7/8/2010,19.8,86,1
7/9/2010,20.6,88,2
7/10/2010,21.3,84,10
7/11/2010,21.7,84,0
7/12/2010,21.4,89,0
7/13/2010,21.1,86,5
7/14/2010,21.4,80,0
7/15/2010,22.5,75,0
7/16/2010,21.4,81,0
7/17/2010,20.8,88,1.5
7/18/2010,20.5,90,3
7/19/2010,20,93,29
7/20/2010,21.3,87,33
7/21/2010,21.5,87,16.5
7/22/2010,21.4,75,0
7/23/2010,20.8,79,0
7/24/2010,21.1,82,0
7/25/2010,21.6,82,0
7/26/2010,21.7,89,0
7/27/2010,19.8,96,7
7/28/2010,21.1,86,4
7/29/2010,22.4,86,13
7/30/2010,22.7,73,6
7/31/2010,23,80,0
8/1/2010,21.6,82,0
8/2/2010,20.8,88,0
8/3/2010,21,83,0
8/4/2010,20.5,90,31
8/5/2010,21,94,4
8/6/2010,20.7,88,4
8/7/2010,21.1,85,19
8/8/2010,20.7,86,0
8/9/2010,20.3,91,4
8/10/2010,21.5,82,28
8/11/2010,22.3,80,0
8/12/2010,22.2,81,0
8/13/2010,22.8,78,0
8/14/2010,22.2,86,0
8/15/2010,21,91,0
8/16/2010,20.7,92,1
8/17/2010,20.3,94,7
8/18/2010,20.7,90,19
8/19/2010,21.5,84,2
8/20/2010,20.8,87,4
8/21/2010,21.9,85,10
8/22/2010,21.9,81,6
8/23/2010,22.4,79,3
8/24/2010,21.2,90,0
8/25/2010,21.5,88,34
8/26/2010,22.9,79,69
8/27/2010,19.7,88,7
8/28/2010,20.7,88,49
8/29/2010,21.5,82,8
8/30/2010,22.1,76,0
8/31/2010,21.7,80,0
9/1/2010,20.5,86,0
9/2/2010,20.8,89,70
9/3/2010,21.1,91,20
9/4/2010,22.3,84,39
9/5/2010,21.2,86,0
9/6/2010,20.5,92,7
9/7/2010,20.3,86,9
9/8/2010,20.1,89,7
9/9/2010,21.7,80,18
9/10/2010,20.3,87,9
9/11/2010,21,81,12
9/12/2010,21.5,82,8
9/13/2010,21,88,0
9/14/2010,21.9,84,21
9/15/2010,20.7,90,3
9/16/2010,21,84,1
9/17/2010,20.7,87,2
9/18/2010,21.2,86,29
9/19/2010,22.5,82,0
9/20/2010,22,86,1
9/21/2010,21.2,90,2
9/22/2010,20.2,88,5
9/23/2010,20.7,86,33
9/24/2010,20.7,90,20
9/25/2010,21,84,30
9/26/2010,22,80,7
9/27/2010,21.2,91,2
9/28/2010,22,84,16
9/29/2010,22,84,0
9/30/2010,21.7,86,4
10/1/2010,22,86,0
10/2/2010,21.2,91,4
10/3/2010,21.9,82,5
10/4/2010,23,71,12
10/5/2010,21.6,87,0
10/6/2010,21.3,92,0
10/7/2010,21.1,85,38
10/8/2010,20.5,88,9
10/9/2010,20.9,87,18
10/10/2010,20.6,68,0
10/11/2010,21.5,59,0
10/12/2010,22.2,70,0
10/13/2010,21.6,88,2
10/14/2010,21,86,0
10/15/2010,22.2,80,40
10/16/2010,22,79,20.5
10/17/2010,22.5,78,1
10/18/2010,20.5,90,15.5
10/19/2010,20.7,88,30
10/20/2010,21,95,7
10/21/2010,22,84,78
10/22/2010,20.7,90,5
10/23/2010,22.7,80,16
10/24/2010,20.7,95,6
10/25/2010,20.8,91,12
10/26/2010,20.4,95,19
10/27/2010,21,88,27
10/28/2010,20.5,92,2
10/29/2010,20.1,95,19
10/30/2010,19.9,94,10
10/31/2010,21.9,82,67
11/1/2010,22.1,84,0
11/2/2010,22.2,82,0
11/3/2010,22,79,0.5
11/4/2010,20.7,88,1
11/5/2010,21.8,87,30
11/6/2010,22.6,78,1
11/7/2010,21.4,84,0
11/8/2010,20.8,89,2
11/9/2010,21.6,87,3
11/10/2010,21.9,85,6
11/11/2010,23.3,72,0
11/12/2010,22.6,80,2.5
11/13/2010,20.5,92,5
11/14/2010,20.8,89,57
11/15/2010,21.3,85,6
11/16/2010,20.5,87,2
11/17/2010,21.3,86,17
11/18/2010,21.7,86,0
11/19/2010,21.8,89,6
11/20/2010,21.9,89,4
11/21/2010,21.2,89,7
11/22/2010,22,83,9
11/23/2010,21,95,1
11/24/2010,21.8,88,1
11/25/2010,20.6,92,28
11/26/2010,21.1,92,53
11/27/2010,20.7,90,1
11/28/2010,20.7,92,14
11/29/2010,21.6,86,30
11/30/2010,21.6,86,2
12/1/2010,21,86,5
12/2/2010,22.1,86,38
12/3/2010,21.9,90,23
12/4/2010,20.6,92,8
12/5/2010,21.8,90,28
12/6/2010,20.9,90,9
12/7/2010,20.6,92,38
12/8/2010,21.1,86,5
12/9/2010,21.8,78,13
12/10/2010,20.8,87,3
12/11/2010,19.3,92,9
12/12/2010,19.8,91,5
12/13/2010,21.4,82,1
12/14/2010,20.4,89,0
12/15/2010,21,86,19
12/16/2010,19.5,92,5
12/17/2010,20.5,87,23
12/18/2010,21.3,79,13
12/19/2010,21.9,76,16
12/20/2010,19.8,91,3
12/21/2010,19.9,92,1
12/22/2010,20,86,7
12/23/2010,20.4,90,9
12/24/2010,21.6,86,2
12/25/2010,20.9,83,2
12/26/2010,20.3,82,2
12/27/2010,20.2,81,6
12/28/2010,20,90,8
12/29/2010,21.2,79,11.5
12/30/2010,20.3,94,13
12/31/2010,20.8,90,15
1/1/2011,21,85,1
1/2/2011,21.1,81,7
1/3/2011,19.8,92,0
1/4/2011,20.3,90,10
1/5/2011,20.8,90,6
1/6/2011,20.6,90,10
1/7/2011,20.2,94,10
1/8/2011,20.5,88,5.5
1/9/2011,20,95,1
1/10/2011,20.5,85,99
1/11/2011,19.8,90,1
1/12/2011,20.1,88,10
1/13/2011,20.4,88,19
1/14/2011,21.5,72,45
1/15/2011,20.6,82,0
1/16/2011,20,87,7
1/17/2011,19.8,95,4
1/18/2011,19.7,93,14
1/19/2011,20.7,90,3
1/20/2011,20.5,84,2
1/21/2011,20,88,1
1/22/2011,20.4,90,1
1/23/2011,19.9,91,5
1/24/2011,20.1,87,68
1/25/2011,20.5,91,1
1/26/2011,20.3,90,0
1/27/2011,20.6,89,24
1/28/2011,20.1,96,34
1/29/2011,20.2,90,4
1/30/2011,21.9,74,4
1/31/2011,21.8,83,0
2/1/2011,19.7,92,0
2/2/2011,20.4,86,34
2/3/2011,20.4,90,12
2/4/2011,19.3,96,8
2/5/2011,22.2,93,30
2/6/2011,20.4,90,8
2/7/2011,19.8,94,10
2/8/2011,20.9,88,6
2/9/2011,21.6,66,15
2/10/2011,22.2,75,0
2/11/2011,21.4,79,0
2/12/2011,21.5,84,0
2/13/2011,21.4,82,5
2/14/2011,20.9,89,19
2/15/2011,20.5,88,19
2/16/2011,20.6,88,0
2/17/2011,21.2,84,19
2/18/2011,21.8,80,11
2/19/2011,22,83,3
2/20/2011,22,68,0
2/21/2011,21.9,78,0
2/22/2011,21.4,81,0
2/23/2011,21.3,80,0
2/24/2011,20.6,82,0
2/25/2011,20.1,86,2
2/26/2011,21.2,85,4
2/27/2011,19.5,94,8
2/28/2011,18.9,97,65
3/1/2011,21.8,70,20
3/2/2011,22.3,56,1
3/3/2011,20.2,88,0
3/4/2011,20.4,90,10
3/5/2011,19.4,95,7
3/6/2011,20.7,86,15
3/7/2011,21.8,79,15
3/8/2011,20.1,89,0
3/9/2011,21.3,89,14
3/10/2011,20.9,88,16
3/11/2011,21.5,84,3
3/12/2011,22,74,10
3/13/2011,21.9,77,8
3/14/2011,23,68,6
3/15/2011,21,84,0
3/16/2011,21.8,78,3
3/17/2011,22.2,78,0
3/18/2011,21.8,84,25
3/19/2011,21.1,88,3
3/20/2011,21.2,90,7
3/21/2011,21,86,3
3/22/2011,21.2,82,1
3/23/2011,20.9,86,0
3/24/2011,21.4,82,4
3/25/2011,20.5,91,8
3/26/2011,20.4,92,19
3/27/2011,20.9,88,4
3/28/2011,21.1,85,4
3/29/2011,21,84,0
3/30/2011,19.3,97,10
3/31/2011,20.4,86,21
4/1/2011,21.6,85,8
4/2/2011,22.7,76,0
4/3/2011,22.1,78,0
4/4/2011,21.8,83,4
4/5/2011,21.8,80,6
4/6/2011,21.5,84,6
4/7/2011,21.8,82,2
4/8/2011,21.8,83,0
4/9/2011,21.5,86,3
4/10/2011,21.9,84,0
4/11/2011,20.9,84,1
4/12/2011,21.3,86,8
4/13/2011,21.5,82,4
4/14/2011,20.7,84,0
4/15/2011,20.9,83,20
4/16/2011,21.3,81,0
4/17/2011,21.4,83,1
4/18/2011,20.1,86,0
4/19/2011,22,82,1
4/20/2011,21.5,87,0
4/21/2011,21,89,9
4/22/2011,20.5,91,29
4/23/2011,20.6,92,10
4/24/2011,20.8,93,13
4/25/2011,20.9,90,19
4/26/2011,20.5,92,17
4/27/2011,21.1,92,9
4/28/2011,21.6,86,8
4/29/2011,21,89,7
4/30/2011,21,91,34
5/1/2011,21,88,10
5/2/2011,21.6,84,12
5/3/2011,21.3,85,2
5/4/2011,22.7,73,0
5/5/2011,21.2,86,1
5/6/2011,21.5,86,10
5/7/2011,20.1,95,25
5/8/2011,20.7,95,30
5/9/2011,21.9,82,2
5/10/2011,21.7,87,0
5/11/2011,22.4,84,4
5/12/2011,22.2,84,1
5/13/2011,22,84,0
5/14/2011,21.7,89,6
5/15/2011,21.8,82,9
5/16/2011,21.9,82,5
5/17/2011,21.6,77,2
5/18/2011,21.2,88,0
5/19/2011,21.9,83,15
5/20/2011,21,85,22.5
5/21/2011,21.2,88,30
5/22/2011,21,87,0
5/23/2011,21.4,86,9
5/24/2011,22.2,89,2
5/25/2011,21.4,89,0
5/26/2011,21.1,90,8
5/27/2011,21.4,94,4
5/28/2011,21.4,88,3
5/29/2011,21.2,80,0
5/30/2011,21.6,80,0
5/31/2011,20.9,90,0
6/1/2011,22,87,0
6/2/2011,22.4,83,6
6/3/2011,22.2,69,0
6/4/2011,20.8,82,6
6/5/2011,21.8,80,38
6/6/2011,21.5,73,0
6/7/2011,21.5,74,0
6/8/2011,22.2,64,0
6/9/2011,21.6,70,0
6/10/2011,21.6,76,1
6/11/2011,20.9,66,0
6/12/2011,20.5,78,23
6/13/2011,21.9,78,0
6/14/2011,21.8,79,0
6/15/2011,21.3,78,0
6/16/2011,21,75,0
6/17/2011,20.7,72,0
6/18/2011,19.9,72,0
6/19/2011,20.4,80,0
6/20/2011,20.6,75,0
6/21/2011,21.4,79,0
6/22/2011,21.5,77,0
6/23/2011,21.7,73,0
6/24/2011,21.4,77,0
6/25/2011,20.9,80,0
6/26/2011,22.4,67,0
6/27/2011,21.7,84,0
6/28/2011,20.5,95,60
6/29/2011,20.7,87,6
6/30/2011,20.3,93,0
7/1/2011,20.2,86,23
7/2/2011,20.5,87,0
7/3/2011,20.8,87,0
7/4/2011,21,88,0
7/5/2011,20.5,88,0
7/6/2011,21.3,82,0
7/7/2011,20.9,80,0
7/8/2011,20.7,83,0
7/9/2011,21.5,84,0
7/10/2011,21.4,76,0
7/11/2011,21.2,80,0
7/12/2011,21.2,83,0
7/13/2011,20.8,90,0
7/14/2011,21.3,83,3
7/15/2011,21.7,83,0
7/16/2011,20.7,83,0
7/17/2011,19.8,86,2
7/18/2011,20.4,89,8
7/19/2011,20.8,88,0
7/20/2011,21.1,84,0
7/21/2011,20.8,84,0
7/22/2011,21.1,77,0
7/23/2011,21.4,82,0
7/24/2011,21.2,82,0
7/25/2011,20.7,78,0
7/26/2011,20.8,70,0
7/27/2011,20.4,78,0
7/28/2011,20.5,75,0
7/29/2011,21.3,76,0
7/30/2011,20.6,78,0
7/31/2011,20.4,71,0
8/1/2011,21.6,76,0
8/2/2011,23,66,0
8/3/2011,21.6,78,0
8/4/2011,20.8,78,0
8/5/2011,21.4,78,0
8/6/2011,20.4,78,0
8/7/2011,19.8,80,0
8/8/2011,20.9,77,0
8/9/2011,21.3,70,0
8/10/2011,21.3,68,0
8/11/2011,20.9,80,0
8/12/2011,20.9,74,0
8/13/2011,21.3,72,0
8/14/2011,21.4,77,0
8/15/2011,21.1,81,0
8/16/2011,20.7,81,0
8/17/2011,21.2,76,0
8/18/2011,20.6,89,0
8/19/2011,20.8,84,3
8/20/2011,21.5,77,0
8/21/2011,21,76,0
8/22/2011,20.6,75,0
8/23/2011,20.5,78,0
8/24/2011,21,73,0
8/25/2011,21,70,0
8/26/2011,20.1,70,0
8/27/2011,20.6,60,0
8/28/2011,22.4,65,0
8/29/2011,20.9,73,0
8/30/2011,20.3,76,0
8/31/2011,22.3,74,5
9/1/2011,22.1,86,3
9/2/2011,21.3,81,1.5
9/3/2011,20.6,76,0
9/4/2011,20.6,73,0
9/5/2011,20.6,82,0
9/6/2011,21.1,80,0
9/7/2011,21.1,80,0
9/8/2011,20.2,76,0
9/9/2011,20.7,70,0
9/10/2011,20.5,77,0
9/11/2011,22.1,70,0
9/12/2011,22.2,72,0
9/13/2011,22.3,75,0
9/14/2011,22,78,0
9/15/2011,20.2,90,0
9/16/2011,21.4,82,11
9/17/2011,20.3,90,0
9/18/2011,19.7,92,19
9/19/2011,20.9,89,17
9/20/2011,21,82,2
9/21/2011,20.2,84,0
9/22/2011,20.7,82,3
9/23/2011,21.6,79,0
9/24/2011,21.2,75,0
9/25/2011,21.3,79,0
9/26/2011,21.7,74,0
9/27/2011,20.8,79,0
9/28/2011,21,74,0
9/29/2011,21.2,70,3
9/30/2011,20.8,76,0
10/1/2011,21.4,78,6
10/2/2011,22.1,80,0
10/3/2011,21.5,80,0
10/4/2011,21.3,80,0
10/5/2011,21.2,83,0
10/6/2011,20.9,80,1
10/7/2011,22.4,80,0
10/8/2011,20.5,88,8
10/9/2011,21.7,77,6
10/10/2011,21.4,84,0
10/11/2011,21.6,84,27
10/12/2011,21.2,84,8
10/13/2011,22,77,27
10/14/2011,21.7,80,0
10/15/2011,22.5,65,0
10/16/2011,23.7,70,0
10/17/2011,21.9,80,0
10/18/2011,23,73,0
10/19/2011,22,78,0
10/20/2011,21.5,80,0
10/21/2011,23.1,70,13
10/22/2011,22.2,82,11.5
10/23/2011,21.1,90,10
10/24/2011,23.1,78,26
10/25/2011,21.5,88,0
10/26/2011,21.8,84,9
10/27/2011,22.9,78,5
10/28/2011,21.2,92,52
10/29/2011,22.7,80,20
10/30/2011,21.5,92,53
10/31/2011,21.2,90,13
11/1/2011,21,90,50
11/2/2011,21.2,88,7
11/3/2011,21.5,88,40
11/4/2011,20.1,81,2
11/5/2011,20.8,83,0
11/6/2011,20.9,84,0
11/7/2011,21.4,65,0
11/8/2011,19.9,88,2
11/9/2011,20.5,88,3
11/10/2011,21.2,86,0
11/11/2011,21.8,84,0
11/12/2011,21.6,84,3
11/13/2011,20.8,87,13
11/14/2011,20.4,88,7
11/15/2011,20.6,88,20
11/16/2011,21.4,86,2
11/17/2011,20.1,94,3
11/18/2011,21.4,90,118
11/19/2011,21.8,86,24
11/20/2011,21.1,92,29
11/21/2011,20.8,86,23
11/22/2011,20.7,90,17
11/23/2011,21.3,84,3
11/24/2011,22,87,7
11/25/2011,21.2,95,18
11/26/2011,23,79,2
11/27/2011,21.8,88,0
11/28/2011,20.8,91,6
11/29/2011,21.7,91,10
11/30/2011,21.5,92,8
12/1/2011,22.8,88,50
12/2/2011,20.7,94,0
12/3/2011,21,80,23
12/4/2011,21,80,0
12/5/2011,21.9,80,9
12/6/2011,21.4,83,0
12/7/2011,21.3,80,0
12/8/2011,21.1,82,18
12/9/2011,21.5,81,10
12/10/2011,20.5,86,1
12/11/2011,21.3,85,6
12/12/2011,21.1,85,7
12/13/2011,20.7,90,8
12/14/2011,21.1,91,9
12/15/2011,21.1,89,2
12/16/2011,21.6,88,9
12/17/2011,21.6,88,0
12/18/2011,21.4,89,1
12/19/2011,21.2,86,0
12/20/2011,20.9,91,1
12/21/2011,22.4,80,1
12/22/2011,22.4,81,2
12/23/2011,22.5,84,1
12/24/2011,21.5,88,2.5
12/25/2011,22,92,4
12/26/2011,20.7,94,25
12/27/2011,21.4,94,7
12/28/2011,22.1,86,58
12/29/2011,21.9,80,29.5
12/30/2011,22.4,80,1
12/31/2011,22.1,84,7
1/1/2012,20.6,90,4
1/2/2012,20.4,92,27
1/3/2012,20.8,95,4
1/4/2012,22,87,14
1/5/2012,21.3,86,0
1/6/2012,20.5,93,10
1/7/2012,19.8,88,26
1/8/2012,20.5,88,18
1/9/2012,21.4,82,8
1/10/2012,19.8,96,1
1/11/2012,20,97,9
1/12/2012,19.4,93,7
1/13/2012,19.4,97,23
1/14/2012,19.2,97,27
1/15/2012,20.5,92,11
1/16/2012,20.5,84,4
1/17/2012,21.8,85,21
1/18/2012,21.3,88,25
1/19/2012,21,84,7
1/20/2012,20.8,84,0
1/21/2012,21.5,81,6
1/22/2012,21.4,85,7
1/23/2012,19.6,94,0
1/24/2012,20.9,86,15
1/25/2012,19.7,93,3
1/26/2012,20.1,97,16
1/27/2012,21.4,86,35
1/28/2012,20.1,92,1
1/29/2012,19.5,95,24
1/30/2012,20.4,91,0
1/31/2012,21,82,31
2/1/2012,21.6,85,3
2/2/2012,20.9,89,18
2/3/2012,20.9,85,12
2/4/2012,21,92,15
2/5/2012,21.1,84,2
2/6/2012,20.4,84,11
2/7/2012,21.2,82,23
2/8/2012,21.6,87,0
2/9/2012,21.1,90,1
2/10/2012,20.1,90,13
2/11/2012,20.1,88,10
2/12/2012,20.8,88,5
2/13/2012,21.6,85,33
2/14/2012,21.4,88,7
2/15/2012,21.3,87,1
2/16/2012,21.1,90,6
2/17/2012,20.3,93,10
2/18/2012,21.4,86,43
2/19/2012,20.4,94,15
2/20/2012,20.1,92,4
2/21/2012,21.2,86,8
2/22/2012,21.7,85,0
2/23/2012,21.8,88,3
2/24/2012,21.4,90,25
2/25/2012,21.5,88,1
2/26/2012,22.3,89,30
2/27/2012,21.2,90,20
2/28/2012,21.5,88,2
2/29/2012,19.9,96,27
3/1/2012,20.4,92,16
3/2/2012,20.7,92,15
3/3/2012,22.3,73,33
3/4/2012,19.6,90,0
3/5/2012,21.1,87,17
3/6/2012,21.9,85,5
3/7/2012,21.6,84,0
3/8/2012,20.8,80,36
3/9/2012,21.3,88,1
3/10/2012,20.5,88,3
3/11/2012,20.8,90,19
3/12/2012,20.9,84,2
3/13/2012,20.4,83,2
3/14/2012,21,81,6
3/15/2012,20.9,84,1
3/16/2012,21.6,82,0
3/17/2012,20.8,82,0
3/18/2012,21.3,78,3
3/19/2012,20.4,86,4
3/20/2012,21,82,15
3/21/2012,22.2,74,7
3/22/2012,22.3,76,2
3/23/2012,22.7,74,1
3/24/2012,22.3,79,0
3/25/2012,22.1,80,0
3/26/2012,21.5,86,10
3/27/2012,20.7,90,2
3/28/2012,20.5,83,12
3/29/2012,20.6,88,15
3/30/2012,20.5,94,11
3/31/2012,21.2,88,2
4/1/2012,21.1,91,4
4/2/2012,20.7,89,2
4/3/2012,19.9,94,44
4/4/2012,21.4,84,49
4/5/2012,19.6,94,34
4/6/2012,20.8,87,19
4/7/2012,21.3,88,1
4/8/2012,20.7,88,24.5
4/9/2012,19.9,94,48
4/10/2012,22.5,69,23
4/11/2012,20.6,80,0
4/12/2012,21.4,86,11
4/13/2012,20.6,93,9
4/14/2012,21.7,83,15
4/15/2012,21.7,88,46
4/16/2012,22.4,84,0
4/17/2012,21.1,89,0
4/18/2012,21.7,86,2
4/19/2012,21.5,92,2
4/20/2012,21.5,90,0
4/21/2012,21.1,93,0
4/22/2012,21.1,90,5
4/23/2012,22.2,85,2
4/24/2012,22.5,85,0
4/25/2012,21.8,79,0
4/26/2012,21.5,82,0
4/27/2012,21.8,88,4
4/28/2012,22.1,86,0
4/29/2012,21.2,94,10
4/30/2012,21,92,22
5/1/2012,21.6,86,25
5/2/2012,22.3,84,7
5/3/2012,22,90,8.5
5/4/2012,21.2,80,10
5/5/2012,21.2,87,0
5/6/2012,21.6,88,1
5/7/2012,20.2,94,11
5/8/2012,20.8,90,6
5/9/2012,21.6,90,1
5/10/2012,21.9,85,0
5/11/2012,21.9,83,0
5/12/2012,21.8,76,0
5/13/2012,21.3,81,0
5/14/2012,21.9,88,4
5/15/2012,21.4,87,7
5/16/2012,21.6,88,0
5/17/2012,22.1,86,3
5/18/2012,21,90,3
5/19/2012,23.3,66,13
5/20/2012,22.7,81,0
5/21/2012,22,84,7.5
5/22/2012,21.7,76,15
5/23/2012,21.6,74,0
5/24/2012,22,87,1
5/25/2012,21.8,78,1
5/26/2012,21.7,74,0
5/27/2012,22.8,71,0
5/28/2012,22,78,0
5/29/2012,21.8,84,2
5/30/2012,21.3,90,39
5/31/2012,19.5,83,1
6/1/2012,21,86,4
6/2/2012,21.5,84,0
6/3/2012,21.4,85,3
6/4/2012,21.3,90,0
6/5/2012,21.5,89,0
6/6/2012,22.2,88,2
6/7/2012,21.6,88,33
6/8/2012,22.5,85,9
6/9/2012,21.4,84,7
6/10/2012,21.7,90,0
6/11/2012,21.8,86,0
6/12/2012,22.1,85,2
6/13/2012,22.5,85,0
6/14/2012,22.2,85,0
6/15/2012,21.1,86,0
6/16/2012,21.9,75,0
6/17/2012,20.2,73,0
6/18/2012,22,76,0
6/19/2012,23.5,66,0
6/20/2012,22.2,76,0
6/21/2012,22.3,74,0
6/22/2012,21.4,86,0
6/23/2012,21.1,86,4
6/24/2012,21.5,79,0
6/25/2012,21.3,72,0
6/26/2012,20.7,77,0
6/27/2012,20.4,76,0
6/28/2012,21,75,0
6/29/2012,20.9,82,0
6/30/2012,21,81,0
7/1/2012,21.1,72,0
7/2/2012,21.8,66,0
7/3/2012,20.6,86,0
7/4/2012,20.3,89,25
7/5/2012,20.5,84,7
7/6/2012,20.7,89,2
7/7/2012,21,80,1
7/8/2012,21.1,85,0
7/9/2012,21.1,86,1
7/10/2012,21.2,84,0
7/11/2012,20.5,87,0
7/12/2012,21.4,76,0
7/13/2012,21.4,82,2
7/14/2012,20.5,84,0
7/15/2012,21,86,0
7/16/2012,21.7,80,0
7/17/2012,20.4,86,2
7/18/2012,20.4,85,0
7/19/2012,21.2,84,0
7/20/2012,20.7,86,1
7/21/2012,21.3,83,1
7/22/2012,20.9,83,0
7/23/2012,20.5,76,0
7/24/2012,20.4,84,0
7/25/2012,20.5,82,0
7/26/2012,20.4,82,0
7/27/2012,21.8,75,0
7/28/2012,21.1,77,0
7/29/2012,20.6,82,0
7/30/2012,21,78,0
7/31/2012,20.7,75,0
8/1/2012,20.4,78,0
8/2/2012,20.3,76,0
8/3/2012,20.3,74,0
8/4/2012,21.7,78,0
8/5/2012,22.5,75,0
8/6/2012,21.2,83,0
8/7/2012,21,86,10
8/8/2012,20.7,80,0
8/9/2012,20.3,81,0
8/10/2012,21.1,76,0
8/11/2012,22,76,0
8/12/2012,21,83,0
8/13/2012,22,82,0
8/14/2012,20.9,78,0
8/15/2012,20.7,74,0
8/16/2012,19.9,73,0
8/17/2012,20.7,76,0
8/18/2012,21.1,72,0
8/19/2012,21.4,75,0
8/20/2012,21.1,73,0
8/21/2012,21.2,73,0
8/22/2012,20.8,78,0
8/23/2012,21,79,0
8/24/2012,20.9,79,0
8/25/2012,21,75,0
8/26/2012,21.1,74,0
8/27/2012,21.2,78,0
8/28/2012,22.2,81,0.5
8/29/2012,21.4,86,1
8/30/2012,21.3,79,1
8/31/2012,20.4,80,0
9/1/2012,21,65,0
9/2/2012,20.8,69,0
9/3/2012,20.4,71,0
9/4/2012,20.6,71,0
9/5/2012,20.9,76,1
9/6/2012,21.2,76,0
9/7/2012,20.9,78,27
9/8/2012,22.1,72,0
9/9/2012,21.4,77,0
9/10/2012,21,84,4
9/11/2012,21.7,78,36
9/12/2012,20.5,64,0
9/13/2012,20.8,78,0
9/14/2012,21.6,76,0
9/15/2012,22.7,77,0
9/16/2012,21.8,80,3
9/17/2012,21.1,87,0
9/18/2012,22.2,81,2
9/19/2012,21.7,83,0
9/20/2012,21.4,84,0
9/21/2012,21.6,88,17
9/22/2012,21.7,73,1
9/23/2012,21.7,84,0
9/24/2012,22,81,9
9/25/2012,21.3,80,0
9/26/2012,21.3,75,0
9/27/2012,22,76,0
9/28/2012,21.7,73,0
9/29/2012,21.5,83,0
9/30/2012,21.7,84,22
10/1/2012,22,83,0
10/2/2012,21.3,89,0
10/3/2012,22.2,80,9
10/4/2012,20.9,87,0
10/5/2012,20.7,88,5
10/6/2012,21.2,82,22
10/7/2012,20.1,93,2
10/8/2012,21.1,86,3
10/9/2012,21,90,8
10/10/2012,21.7,82,19
10/11/2012,22.2,79,50
10/12/2012,21.8,88,0
10/13/2012,22,78,0
10/14/2012,22.3,79,0
10/15/2012,21.6,85,0
10/16/2012,22.7,81,1
10/17/2012,21.6,84,0
10/18/2012,21.8,84,18
10/19/2012,21.9,86,20
10/20/2012,21.5,86,1
10/21/2012,20.6,90,22
10/22/2012,21.5,88,35
10/23/2012,22,72,0
10/24/2012,21.8,78,0
10/25/2012,21.8,82,0
10/26/2012,22.4,88,8
10/27/2012,21.2,92,33
10/28/2012,21.4,89,0
10/29/2012,22.6,83,0
10/30/2012,21.6,88,2
10/31/2012,21.8,88,4
11/1/2012,22.3,83,14
11/2/2012,21.7,85,0
11/3/2012,21.4,93,10
11/4/2012,20.8,92,5
11/5/2012,21.2,90,5
11/6/2012,21.2,90,8
11/7/2012,21.5,86,2
11/8/2012,21.7,89,0
11/9/2012,21.8,92,7
11/10/2012,21.6,88,1
11/11/2012,20.9,89,7
11/12/2012,21.6,88,20
11/13/2012,21.7,88,1
11/14/2012,20.6,94,15
11/15/2012,21.8,88,14
11/16/2012,21.7,88,2
11/17/2012,22.7,85,24
11/18/2012,20,94,13
11/19/2012,20.4,92,48
11/20/2012,20.8,92,35
11/21/2012,20.6,92,6
11/22/2012,20.9,90,14
11/23/2012,21.3,90,13
11/24/2012,19.4,90,42
11/25/2012,21.4,84,24
11/26/2012,20.5,92,10
11/27/2012,22,84,9
11/28/2012,21.1,90,15
11/29/2012,21.6,86,1
11/30/2012,20.8,92,1
12/1/2012,21.8,89,11
12/2/2012,22.4,85,23
12/3/2012,21.4,87,1
12/4/2012,21.3,88,0
12/5/2012,22.4,82,7
12/6/2012,21.2,86,0
12/7/2012,21.5,88,12
12/8/2012,21,93,4
12/9/2012,22.1,88,63
12/10/2012,20.7,93,22
12/11/2012,22,90,55
12/12/2012,20.5,89,0
12/13/2012,21,90,21
12/14/2012,20.4,93,0
12/15/2012,21.8,87,17
12/16/2012,21.2,89,2
12/17/2012,20.6,91,10
12/18/2012,20.6,94,16
12/19/2012,21.8,84,3
12/20/2012,21.2,87,1
12/21/2012,20.5,88,11
12/22/2012,21.1,89,8
12/23/2012,20.7,90,43
12/24/2012,21.3,86,62
12/25/2012,20.9,90,0
12/26/2012,22,86,17
12/27/2012,22,89,1
12/28/2012,21.7,90,2
12/29/2012,21.8,91,4
12/30/2012,21.2,93,3
12/31/2012,19.9,94,4
1/1/2013,21.3,89,10
1/2/2013,21.6,90,47
1/3/2013,21.4,89,0
1/4/2013,20,97,0
1/5/2013,20.8,85,26
1/6/2013,20,94,42
1/7/2013,20.4,91,8
1/8/2013,20.3,92,9
1/9/2013,19.3,98,71
1/10/2013,21.8,83,66
1/11/2013,20.6,93,2
1/12/2013,19.8,92,21
1/13/2013,19.8,98,26
1/14/2013,19.8,97,33
1/15/2013,19.2,98,100
1/16/2013,19.6,100,54
1/17/2013,19.6,98,70
1/18/2013,19.6,98,98
1/19/2013,20.6,93,24
1/20/2013,21.2,88,8
1/21/2013,21.3,94,7
1/22/2013,20.2,92,0
1/23/2013,19.6,95,42
1/24/2013,20.3,90,27
1/25/2013,21.1,92,12
1/26/2013,21.2,88,5
1/27/2013,20.6,88,24
1/28/2013,20.7,90,3
1/29/2013,21.7,89,2
1/30/2013,21.1,92,0
1/31/2013,20.1,92,14
2/1/2013,21.4,84,69
2/2/2013,20.3,95,48.5
2/3/2013,21.1,86,28
2/4/2013,21.4,90,20.5
2/5/2013,20.6,94,13
2/6/2013,21,90,24
2/7/2013,21.2,89,9
2/8/2013,21.2,88,16
2/9/2013,21.1,88,0
2/10/2013,20.7,90,4
2/11/2013,21.4,92,2
2/12/2013,20.7,92,36
2/13/2013,20.6,88,70
2/14/2013,20.5,94,16
2/15/2013,21.1,85,7
2/16/2013,21.1,90,17
2/17/2013,19.8,96,27
2/18/2013,20,96,9
2/19/2013,20.1,95,12
2/20/2013,20.9,90,3
2/21/2013,20.5,94,9
2/22/2013,20.1,92,2
2/23/2013,20,95,3
2/24/2013,21.3,84,15
2/25/2013,22.8,77,7.5
2/26/2013,22.2,80,0
2/27/2013,21.9,86,3.5
2/28/2013,22.1,86,5
3/1/2013,21.7,90,7
3/2/2013,22.4,85,2
3/3/2013,21.8,84,4
3/4/2013,20.5,97,15
3/5/2013,19.4,90,130
3/6/2013,21.7,89,34
3/7/2013,22.3,76,0
3/8/2013,21.9,84,0
3/9/2013,20.8,92,2
3/10/2013,21.4,89,15
3/11/2013,22.4,82,3
3/12/2013,21,87,14
3/13/2013,22.7,82,25
3/14/2013,21.9,84,13
3/15/2013,21.3,81,1
3/16/2013,21.3,83,12
3/17/2013,21.4,82,16
3/18/2013,21.6,82,0
3/19/2013,21.5,86,1
3/20/2013,21.3,89,13
3/21/2013,20.6,88,8
3/22/2013,21.4,90,51
3/23/2013,21.2,90,2
3/24/2013,21.5,92,2
3/25/2013,21.5,92,5
3/26/2013,21.6,89,1
3/27/2013,21.1,92,1
3/28/2013,22.1,79,3
3/29/2013,22.6,84,4
3/30/2013,22.1,86,0
3/31/2013,22.1,86,48
4/1/2013,21.2,84,2
4/2/2013,21.6,94,60
4/3/2013,22.3,92,33
4/4/2013,21.8,90,4
4/5/2013,22.4,90,5
4/6/2013,21.8,89,2
4/7/2013,21.8,90,24
4/8/2013,22.6,83,12
4/9/2013,22.5,85,8
4/10/2013,22.2,89,4
4/11/2013,21.1,91,1
4/12/2013,21.9,83,30
4/13/2013,21.9,90,6
4/14/2013,22.7,86,0
4/15/2013,23.1,86,4
4/16/2013,22.1,85,5
4/17/2013,21.8,91,17
4/18/2013,20.2,95,19
4/19/2013,20.7,88,24
4/20/2013,22.2,84,10
4/21/2013,21.6,94,0
4/22/2013,20.6,94,24
4/23/2013,21.4,90,18
4/24/2013,23.2,81,12
4/25/2013,21.6,85,9
4/26/2013,22,91,6
4/27/2013,21.2,85,0
4/28/2013,22.7,84,34
4/29/2013,22.5,86,0
4/30/2013,22.5,88,0
5/1/2013,21.7,87,0
5/2/2013,21.4,86,27
5/3/2013,22,81,0
5/4/2013,22.8,82,1
5/5/2013,23.3,84,0
5/6/2013,22.7,85,0
5/7/2013,21.7,92,17
5/8/2013,21.9,90,34
5/9/2013,20.9,93,2
5/10/2013,21.7,91,9
5/11/2013,21.6,91,58
5/12/2013,21.5,91,21
5/13/2013,21.7,90,9
5/14/2013,22,83,0
5/15/2013,22,84,0
5/16/2013,23.5,82,0
5/17/2013,22.3,84,0
5/18/2013,22.8,82,4
5/19/2013,21.7,83,1
5/20/2013,21.9,85,92
5/21/2013,21.8,92,7
5/22/2013,21.5,90,6
5/23/2013,22,86,7
5/24/2013,21.9,86,20
5/25/2013,21.3,94,71
5/26/2013,21.2,89,65
5/27/2013,21.1,92,9
5/28/2013,22.1,86,0
5/29/2013,22,84,4
5/30/2013,21,92,17
5/31/2013,20.9,93,30
6/1/2013,22.2,88,0
6/2/2013,22.2,81,0
6/3/2013,21.9,79,1
6/4/2013,21.6,87,1
6/5/2013,21.5,90,3
6/6/2013,21.1,92,7
6/7/2013,22.1,82,4
6/8/2013,22.1,84,0
6/9/2013,22.1,80,1
6/10/2013,21.7,87,9
6/11/2013,21.8,86,7.5
6/12/2013,20.7,92,6
6/13/2013,20.1,90,16
6/14/2013,22.7,81,35
6/15/2013,21.8,85,0
6/16/2013,21.9,86,21
6/17/2013,21.4,89,17
6/18/2013,21.9,87,1
6/19/2013,21.6,87,0.5
6/20/2013,21.9,82,0
6/21/2013,22,82,0
6/22/2013,22.5,75,0
6/23/2013,22.7,80,0
6/24/2013,22.5,77,0
6/25/2013,22.2,79,0
6/26/2013,22.1,82,0
6/27/2013,21.6,78,0
6/28/2013,21.1,84,0
6/29/2013,21.3,86,0.5
6/30/2013,21.5,87,1
7/1/2013,22.4,83,3
7/2/2013,19.8,93,0
7/3/2013,20.7,92,12
7/4/2013,19.7,91,10
7/5/2013,21.2,82,2
7/6/2013,21.5,79,2
7/7/2013,21,82,0
7/8/2013,21.3,76,0
7/9/2013,20.9,87,0
7/10/2013,20.6,92,22
7/11/2013,20.9,88,0
7/12/2013,21,92,19
7/13/2013,19.7,94,20
7/14/2013,21.5,81,76
7/15/2013,21,86,40
7/16/2013,21.9,80,4
7/17/2013,20.6,87,0
7/18/2013,20.9,88,1
7/19/2013,21.3,83,0
7/20/2013,20.8,86,0
7/21/2013,20.4,94,32
7/22/2013,19.3,95,26
7/23/2013,22.4,80,34
7/24/2013,21.8,91,18.5
7/25/2013,22.5,74,3
7/26/2013,22,85,1
7/27/2013,21.1,86,0
7/28/2013,21.7,89,7
7/29/2013,20.9,86,0
7/30/2013,20.7,86,0
7/31/2013,20.4,90,1
8/1/2013,20.8,90,26
8/2/2013,20.9,89,10
8/3/2013,21.1,89,32
8/4/2013,20.9,82,0
8/5/2013,20.9,84,0
8/6/2013,21.5,88,0
8/7/2013,20.6,92,5.5
8/8/2013,21.5,82,11
8/9/2013,21.3,79,0
8/10/2013,21.5,79,0
8/11/2013,21.5,79,2
8/12/2013,21.3,86,4
8/13/2013,19.8,74,0
8/14/2013,20.1,78,0
8/15/2013,22.2,77,0
8/16/2013,21.8,82,0
8/17/2013,21.3,87,2
8/18/2013,21.4,86,7
8/19/2013,20.1,79,3
8/20/2013,21,80,0
8/21/2013,21.2,78,0
8/22/2013,21.2,76,0
8/23/2013,22,74,0
8/24/2013,21.3,74,0
8/25/2013,20.9,76,0
8/26/2013,21.1,74,0
8/27/2013,21.5,78,0
8/28/2013,21.8,81,0
8/29/2013,21.1,87,0
8/30/2013,21.1,90,2
8/31/2013,21.2,89,34
9/1/2013,22.4,76,1
9/2/2013,22.1,82,0
9/3/2013,21.6,78,0
9/4/2013,21.2,86,0
9/5/2013,20.9,85,0
9/6/2013,20.9,82,0
9/7/2013,20.6,83,0
9/8/2013,20.9,82,1
9/9/2013,20.9,82,3
9/10/2013,21.1,83,0
9/11/2013,21.1,85,0
9/12/2013,21.2,90,0
9/13/2013,21.6,84,0
9/14/2013,21.1,86,0
9/15/2013,20.9,93,0
9/16/2013,20.7,91,6.6
9/17/2013,20.5,90,7.2
9/18/2013,21.2,90,0.5
9/19/2013,21.1,91,7.3
9/20/2013,20.6,91,12.9
9/21/2013,21.9,87,2.4
9/22/2013,21.5,82,5.2
9/23/2013,21.4,79,0
9/24/2013,22.4,80,0
9/25/2013,22.3,80,0
9/26/2013,21.9,76,0
9/27/2013,21.7,85,2.4
9/28/2013,21.6,86,1.5
9/29/2013,21.3,84,0
9/30/2013,20.6,87,19.1
10/1/2013,21.1,82,0.5
10/2/2013,21.6,90,2.6
10/3/2013,20.7,87,15.7
10/4/2013,21,80,14.7
10/5/2013,21.8,81,0
10/6/2013,22,81,0.5
10/7/2013,20.8,86,4.2
10/8/2013,20.9,83,1.7
10/9/2013,21.3,80,4.5
10/10/2013,22.2,80,0
10/11/2013,21.5,82,0
10/12/2013,22,84,9.5
10/13/2013,20.3,92,0.6
10/14/2013,20.9,83,39
10/15/2013,21.3,80,0
10/16/2013,22.2,75,0
10/17/2013,22,76,0
10/18/2013,23.1,74,0
10/19/2013,21.9,88,5.6
10/20/2013,21.5,90,32.7
10/21/2013,21.4,87,0
10/22/2013,21.4,85,0.9
10/23/2013,21.4,87,11.3
10/24/2013,20.9,88,5.6
10/25/2013,22.3,82,1.3
10/26/2013,21.7,86,0
10/27/2013,21.7,91,0
10/28/2013,20.8,91,7
10/29/2013,21.1,90,32.1
10/30/2013,21.6,86,4.1
10/31/2013,21,90,4.5
11/1/2013,21.3,88,0.5
11/2/2013,21.8,77,0.5
11/3/2013,21.7,84,0
11/4/2013,21.4,90,36.7
11/5/2013,21.6,91,25
11/6/2013,21.9,89,3.4
11/7/2013,21.3,90,0
11/8/2013,22,80,4
11/9/2013,23.2,75,8
11/10/2013,22.3,88,0
11/11/2013,21.5,89,19
11/12/2013,21.1,88,2
11/13/2013,19.8,91,14.2
11/14/2013,20,90,45.6
11/15/2013,21.4,89,32
11/16/2013,21.1,88,17.6
11/17/2013,21.1,85,2
11/18/2013,21.5,79,44.5
11/19/2013,20.6,72,0.6
11/20/2013,21.4,65,0
11/21/2013,21.1,75,0
11/22/2013,21.2,76,0
11/23/2013,22,75,0
11/24/2013,22.3,85,0
11/25/2013,21.5,88,0.5
11/26/2013,19.9,90,1.6
11/27/2013,22.5,80,1.3
11/28/2013,22.4,82,0
11/29/2013,22.3,83,0
11/30/2013,22.3,76,0
12/1/2013,21.7,87,0
12/2/2013,21.6,91,10.3
12/3/2013,22,86,2.1
12/4/2013,22,80,0.1
12/5/2013,24.6,78,0
12/6/2013,21.3,90,22.2
12/7/2013,22.1,88,40.6
12/8/2013,21.2,90,4.5
12/9/2013,21.3,89,3.5
12/10/2013,20.7,92,16.8
12/11/2013,20.6,96,56
12/12/2013,20.9,92,25.3
12/13/2013,20.5,93,5.9
12/14/2013,21.3,89,0
12/15/2013,21.3,90,22.6
12/16/2013,21.3,90,5.2
12/17/2013,21.1,89,25
12/18/2013,20.9,88,0
12/19/2013,20.6,88,114.2
12/20/2013,21,84,8.5
12/21/2013,21.3,87,11.4
12/22/2013,19.3,98,1.2
12/23/2013,19.7,96,55.4
12/24/2013,21,88,5.3
12/25/2013,20.6,93,27.5
12/26/2013,21.9,82,9
12/27/2013,21.7,83,0
12/28/2013,21.5,75,0
12/29/2013,20.3,77,0
12/30/2013,19.8,95,0
12/31/2013,19.9,93,29
1/1/2014,20.7,92,6
1/2/2014,20.9,92,2.2
1/3/2014,22.1,83,21.6
1/4/2014,21.5,85,0
1/5/2014,21.7,82,5
1/6/2014,22.2,79,1.6
1/7/2014,21.2,86,0
1/8/2014,20.1,92,1.2
1/9/2014,22.3,78,6
1/10/2014,21.2,87,0
1/11/2014,20.7,92,23.9
1/12/2014,19.5,98,64.6
1/13/2014,19.9,97,132.5
1/14/2014,20.4,94,13.4
1/15/2014,20.1,91,37.3
1/16/2014,19.3,98,13.9
1/17/2014,19.1,99,0
1/18/2014,19,100,140.6
1/19/2014,19,100,74.8
1/20/2014,19.1,100,16.5
1/21/2014,19.3,100,78.9
1/22/2014,18.3,99,78.3
1/23/2014,18.4,100,48.8
1/24/2014,18.9,100,54.6
1/25/2014,19.8,95,25
1/26/2014,20.3,92,1.6
1/27/2014,19.2,96,17.3
1/28/2014,18.9,98,0
1/29/2014,18.6,100,52.3
1/30/2014,19.1,100,192.8
1/31/2014,18.9,100,23.3
2/1/2014,20.3,96,4.7
2/2/2014,19.1,100,32.6
2/3/2014,19.4,100,34.2
2/4/2014,19.8,99,78.7
2/5/2014,20.3,98,26.3
2/6/2014,20.4,95,11.6
2/7/2014,20.5,96,25.5
2/8/2014,20.5,94,18.1
2/9/2014,19.6,98,42.3
2/10/2014,20.5,94,33.2
2/11/2014,21.7,90,2.5
2/12/2014,21.5,90,0.1
2/13/2014,22,87,0
2/14/2014,21.4,89,0
2/15/2014,20.7,92,0
2/16/2014,20.5,88,0.5
2/17/2014,21.4,85,21.6
2/18/2014,21.2,83,1.2
2/19/2014,21,82,0.1
2/20/2014,21.3,81,12.8
2/21/2014,19.8,94,0.5
2/22/2014,19.2,98,23.4
2/23/2014,19.4,95,95.7
2/24/2014,18.8,97,35.9
2/25/2014,19.3,97,71.1
2/26/2014,19.7,96,33.4
2/27/2014,19.8,95,7.1
2/28/2014,20.7,93,10.7
3/1/2014,20.4,91,0.3
3/2/2014,20.7,89,11.2
3/3/2014,20.9,88,29.4
3/4/2014,21.7,76,15
3/5/2014,20.5,93,1.3
3/6/2014,21.7,84,16.5
3/7/2014,20.9,91,14.6
3/8/2014,21.3,96,6
3/9/2014,21.2,92,3.2
3/10/2014,19.9,94,16
3/11/2014,20.4,95,8
3/12/2014,20.8,93,0
3/13/2014,20.9,93,6.1
3/14/2014,21.4,91,52.5
3/15/2014,21.3,88,0
3/16/2014,21.6,89,0
3/17/2014,21.4,89,0
3/18/2014,21.1,90,21.5
3/19/2014,20.8,90,18.9
3/20/2014,21,86,4.6
3/21/2014,21.7,82,1.8
3/22/2014,22,86,1.6
3/23/2014,21.2,92,0
3/24/2014,21.2,95,0.1
3/25/2014,20.7,95,8.5
3/26/2014,21.3,92,3.7
3/27/2014,21.2,89,25
3/28/2014,21.9,89,46.9
3/29/2014,21.7,89,0
3/30/2014,22.6,88,2
3/31/2014,22,90,0
4/1/2014,22,79,7.2
4/2/2014,21.1,88,0.3
4/3/2014,22.3,84,3
4/4/2014,21.6,90,3
4/5/2014,21.5,90,4
4/6/2014,20.3,96,30.3
4/7/2014,22.3,82,99.2
4/8/2014,22.6,82,0
4/9/2014,22.3,81,0
4/10/2014,21.4,92,26.8
4/11/2014,21,88,1.8
4/12/2014,21.9,87,7.8
4/13/2014,21.1,86,0
4/14/2014,21.7,86,23
4/15/2014,21,87,37.1
4/16/2014,21.5,87,1.8
4/17/2014,21.7,84,80
4/18/2014,20.8,91,2.4
4/19/2014,21.7,88,18.5
4/20/2014,21.9,84,0
4/21/2014,22.4,88,0.1
4/22/2014,23.2,77,2.2
4/23/2014,22.9,82,3
4/24/2014,23.2,78,1.7
4/25/2014,22.7,86,0
4/26/2014,21.5,89,34.4
4/27/2014,21,92,3.6
4/28/2014,21.7,88,4.8
4/29/2014,21.9,90,1.9
4/30/2014,21.6,88,8.9
5/1/2014,21.2,89,0.5
5/2/2014,22.1,89,0.7
5/3/2014,22.2,83,3.8
5/4/2014,22.8,83,12.5
5/5/2014,22.8,84,17
5/6/2014,23.2,86,19
5/7/2014,22.3,88,20
5/8/2014,22,90,20.5
5/9/2014,22.9,89,21.4
5/10/2014,22.4,92,0.7
5/11/2014,21.4,92,0
5/12/2014,21.4,90,19.8
5/13/2014,22.4,82,0.3
5/14/2014,22,89,1
5/15/2014,21.2,90,6.9
5/16/2014,21.4,89,52.4
5/17/2014,21.2,92,18.7
5/18/2014,21.6,90,0.5
5/19/2014,20.8,87,0.9
5/20/2014,21.4,90,14
5/21/2014,22.2,84,19.6
5/22/2014,21.3,91,1.7
5/23/2014,21.5,87,43.7
5/24/2014,21.7,86,8
5/25/2014,22.4,85,0
5/26/2014,21.7,92,1.8
5/27/2014,22.6,91,0.7
5/28/2014,22.3,92,1.9
5/29/2014,24,69,0
5/30/2014,21.8,87,0
5/31/2014,21,91,0.9
6/1/2014,21.8,83,9.7
6/2/2014,21.5,85,0
6/3/2014,21.5,78,0
6/4/2014,22.3,85,0
6/5/2014,21.9,91,6.1
6/6/2014,21.5,89,0.9
6/7/2014,22.3,86,0
6/8/2014,22.6,85,0
6/9/2014,22.8,82,0
6/10/2014,21.8,88,0
6/11/2014,23.1,87,0.4
6/12/2014,22.6,88,0
6/13/2014,21.2,93,0.2
6/14/2014,21.7,90,84.6
6/15/2014,21,89,11.6
6/16/2014,22.2,84,10.3
6/17/2014,22.4,89,30.2
6/18/2014,21.9,86,2.7
6/19/2014,21.2,90,9.6
6/20/2014,22.9,82,0
6/21/2014,21.7,87,0.5
6/22/2014,22,86,10.2
6/23/2014,22.3,86,4.7
6/24/2014,22.5,83,0
6/25/2014,21.6,91,0
6/26/2014,21.3,92,16.4
6/27/2014,20.6,92,1
6/28/2014,21.1,87,0
6/29/2014,21.7,84,0
6/30/2014,21.6,77,0
7/1/2014,21.2,79,0
7/2/2014,20.6,88,0
7/3/2014,21.5,79,1.2
7/4/2014,22,81,0
7/5/2014,21.6,90,0
7/6/2014,21.4,92,34.5
7/7/2014,20.7,90,1.5
7/8/2014,21,90,0.6
7/9/2014,21.7,88,17.5
7/10/2014,22,89,2.6
7/11/2014,20.8,93,7.2
7/12/2014,20.6,94,6.5
7/13/2014,19.2,97,54.7
7/14/2014,23.3,63,23.6
7/15/2014,22.2,77,0
7/16/2014,21.5,82,0
7/17/2014,21.9,78,0
7/18/2014,21.6,85,0
7/19/2014,21.6,84,0
7/20/2014,20.7,92,70.5
7/21/2014,20.9,90,54.5
7/22/2014,22.2,86,0.6
7/23/2014,20.9,88,0.8
7/24/2014,21.6,79,0.4
7/25/2014,21.5,84,0
7/26/2014,19.7,94,0.1
7/27/2014,20.5,92,66.4
7/28/2014,20.9,84,0.8
7/29/2014,21.7,85,0
7/30/2014,21.4,85,0.1
7/31/2014,21.2,80,0
8/1/2014,21.4,81,0
8/2/2014,20.8,83,0
8/3/2014,20.7,89,2.8
8/4/2014,20.7,91,7.4
8/5/2014,21.9,82,59
8/6/2014,23.1,73,0
8/7/2014,21.8,83,0
8/8/2014,21.2,83,0
8/9/2014,21.8,81,0
8/10/2014,20.8,87,0
8/11/2014,20.1,95,10.4
8/12/2014,19.9,89,24.2
8/13/2014,20.6,89,35.3
8/14/2014,20.6,85,0.3
8/15/2014,20.7,89,9
8/16/2014,20.8,83,0.2
8/17/2014,20.7,82,0
8/18/2014,20.4,83,0
8/19/2014,20.6,81,0
8/20/2014,20.2,78,0
8/21/2014,20.8,84,9.8
8/22/2014,21.9,77,0.3
8/23/2014,21.9,86,0
8/24/2014,20.9,90,6
8/25/2014,21.2,87,5.4
8/26/2014,20.5,86,23.8
8/27/2014,20.6,85,2.2
8/28/2014,19.9,83,0
8/29/2014,19.9,92,26.5
8/30/2014,20.6,84,26.9
8/31/2014,20.8,87,0.3
9/1/2014,20.7,90,0
9/2/2014,21.5,87,0.8
9/3/2014,21.9,83,0
9/4/2014,21.2,78,0
9/5/2014,20.8,68,0
9/6/2014,21,83,0
9/7/2014,22.3,82,0
9/8/2014,21.1,82,0
9/9/2014,21.8,77,0
9/10/2014,20.9,81,0
9/11/2014,20.6,80,0
9/12/2014,21.5,77,0
9/13/2014,21.1,81,0
9/14/2014,21.4,78,0
9/15/2014,21,72,0
9/16/2014,21,69,0
9/17/2014,21.8,73,0
9/18/2014,22.7,74,0
9/19/2014,23.7,72,0
9/20/2014,21.1,88,0
9/21/2014,21.3,82,32.4
9/22/2014,22,69,0
9/23/2014,21.8,72,0
9/24/2014,22.9,58,0
9/25/2014,21.6,74,0
9/26/2014,21,65,0
9/27/2014,21.6,62,0
9/28/2014,21.8,73,0
9/29/2014,21.1,87,0
9/30/2014,21.2,79,0.4
10/1/2014,21.1,84,0
10/2/2014,21.3,85,0
10/3/2014,21.2,82,0
10/4/2014,21.9,76,0
10/5/2014,20.9,78,0
10/6/2014,20.6,83,0
10/7/2014,21.9,77,0
10/8/2014,21.2,83,2.5
10/9/2014,22.3,72,5.9
10/10/2014,22,66,0
10/11/2014,23.8,61,0
10/12/2014,22.7,76,0
10/13/2014,21.5,82,0
10/14/2014,21.5,87,14.3
10/15/2014,20.9,89,0
10/16/2014,22.4,85,18.8
10/17/2014,21.7,85,0.4
10/18/2014,23.1,76,0
10/19/2014,22.3,79,0
10/20/2014,22.9,75,0
10/21/2014,22.7,78,0
10/22/2014,22.7,80,0
10/23/2014,20.9,88,5.3
10/24/2014,21.6,84,10.5
10/25/2014,21.2,85,0.3
10/26/2014,21.9,87,9.5
10/27/2014,20.9,90,21.5
10/28/2014,21.4,84,0
10/29/2014,21,88,0.2
10/30/2014,21.8,88,5
10/31/2014,24.1,86,0
11/1/2014,22.7,84,26
11/2/2014,22.5,81,0.8
11/3/2014,22.4,84,26
11/4/2014,22.5,82,0
11/5/2014,21.5,89,41
11/6/2014,21.4,85,3.6
11/7/2014,20.6,92,6.9
11/8/2014,20.2,89,0.3
11/9/2014,21.6,89,20.8
11/10/2014,21.6,88,11.1
11/11/2014,20.1,96,50
11/12/2014,21.8,86,25.8
11/13/2014,20.3,88,33.4
11/14/2014,21.1,90,49.6
11/15/2014,22.3,82,0.2
11/16/2014,21.6,88,0
11/17/2014,20.8,92,49.3
11/18/2014,20.2,95,35.9
11/19/2014,21.1,91,2
11/20/2014,22.5,85,86.5
11/21/2014,21.8,90,0
11/22/2014,21.5,89,1
11/23/2014,22.3,85,1.3
11/24/2014,20.9,91,5.7
11/25/2014,20.8,92,17.9
11/26/2014,20.8,93,27.5
11/27/2014,22.2,86,6.8
11/28/2014,20.8,89,5
11/29/2014,21.4,88,3.9
11/30/2014,21.9,82,15
12/1/2014,23.1,74,0
12/2/2014,20.8,89,0
12/3/2014,21.1,88,0.4
12/4/2014,21.6,86,0.2
12/5/2014,21,90,0
12/6/2014,21.2,88,2.7
12/7/2014,20.6,90,3.3
12/8/2014,21.2,89,3
12/9/2014,21.3,90,2.5
12/10/2014,21.4,84,0
12/11/2014,22.2,84,1.4
12/12/2014,22.2,80,2.5
12/13/2014,21.4,89,3.7
12/14/2014,21.7,87,0
12/15/2014,22.8,84,1.5
12/16/2014,21.9,89,2.5
12/17/2014,22.4,84,3.3
12/18/2014,22.5,85,5.5
12/19/2014,21.4,90,7.8
12/20/2014,20.7,93,75.2
12/21/2014,20.8,94,15.5
12/22/2014,20.9,95,91.5
12/23/2014,21.5,88,52
12/24/2014,21.1,87,26.7
12/25/2014,21.7,90,33.5
12/26/2014,21.4,91,6.9
12/27/2014,21.7,88,109.9
12/28/2014,21.7,87,0
12/29/2014,22,83,4.9
12/30/2014,20.7,88,3
12/31/2014,20.3,94,1.5
1/1/2015,20.8,88,6.2
1/2/2015,21.2,87,4
1/3/2015,20,93,0.8
1/4/2015,19.6,94,13.2
1/5/2015,21.5,85,25.2
1/6/2015,20.6,86,0
1/7/2015,21,90,2.8
1/8/2015,22.4,79,7.8
1/9/2015,21.6,83,4
1/10/2015,21.4,83,0.1
1/11/2015,21.2,82,0
1/12/2015,20.5,92,0.4
1/13/2015,20.7,92,5.5
1/14/2015,20.5,90,24.5
1/15/2015,21.8,85,11.5
1/16/2015,20.2,91,3
1/17/2015,20.4,92,9.3
1/18/2015,20.9,95,0
1/19/2015,19.4,97,1.8
1/20/2015,19.5,94,6.8
1/21/2015,19.5,86,0
1/22/2015,19.5,98,41.5
1/23/2015,19.2,96,32.8
1/24/2015,19.8,95,0.5
1/25/2015,20.2,93,22.7
1/26/2015,20.1,93,10.4
1/27/2015,20.3,92,4.8
1/28/2015,20.5,92,5
1/29/2015,20.9,88,36.2
1/30/2015,20.5,92,0.4
1/31/2015,20.1,95,7
2/1/2015,20.1,95,0
2/2/2015,20.1,95,36.8
2/3/2015,20.1,95,0
2/4/2015,20.1,95,13.7
2/5/2015,20.1,95,36
2/6/2015,20.1,95,2.8
2/7/2015,20.1,95,25.3
2/8/2015,20.1,95,8.2
2/9/2015,19.4,98,37
2/10/2015,19.2,98,38.6
2/11/2015,19,98,4.9
2/12/2015,19.8,95,1.7
2/13/2015,19.8,95,0
2/14/2015,19.8,95,18
2/15/2015,19.8,94,0
2/16/2015,20.3,93,7
2/17/2015,20.5,90,3.6
2/18/2015,20.5,90,9.1
2/19/2015,20.7,90,71.8
2/20/2015,21.1,88,13
2/21/2015,22.4,68,0
2/22/2015,22.4,74,0
2/23/2015,22.4,76,0
2/24/2015,22.4,79,2.7
2/25/2015,21.9,80,0
2/26/2015,21.5,84,0.7
2/27/2015,21,89,0
2/28/2015,21,90,14.5
3/1/2015,20.5,93,52
3/2/2015,19.7,94,10.6
3/3/2015,20,90,31.1
3/4/2015,20.4,90,2.2
3/5/2015,20.7,87,0
3/6/2015,21.7,84,2.4
3/7/2015,21.3,88,0
3/8/2015,19.9,91,0.1
3/9/2015,20.8,84,15.9
3/10/2015,20.8,87,6.2
3/11/2015,20.8,89,0.8
3/12/2015,20.9,89,18.8
3/13/2015,20.9,91,2.4
3/14/2015,20.8,90,4.8
3/15/2015,21.2,86,0
3/16/2015,21.4,86,0
3/17/2015,21.7,82,0
3/18/2015,21.6,86,0
3/19/2015,21.2,91,10.9
3/20/2015,21.8,85,67.8
3/21/2015,21.5,85,5
3/22/2015,21.5,85,0
3/23/2015,21.3,84,37
3/24/2015,20.7,92,0
3/25/2015,21,90,5.9
3/26/2015,21.3,89,17.6
3/27/2015,21.7,87,6.5
3/28/2015,21.6,85,0.8
3/29/2015,21.5,88,1.2
3/30/2015,21.5,88,0
3/31/2015,21.4,93,35.7
4/1/2015,21.8,94,32
4/2/2015,21.6,92,2.2
4/3/2015,21.6,91,11.5
4/4/2015,21,89,2.6
4/5/2015,21.3,91,13.7
4/6/2015,22.3,85,0
4/7/2015,22,83,1.7
4/8/2015,22.2,85,1.5
4/9/2015,21.7,90,1.3
4/10/2015,22.6,85,0.3
4/11/2015,22.7,85,0
4/12/2015,21.1,91,14.4
4/13/2015,20.9,90,0
4/14/2015,20.7,90,10.4
4/15/2015,20.4,93,20.9
4/16/2015,22.2,89,11.9
4/17/2015,21.7,91,1.1
4/18/2015,21.9,87,0
4/19/2015,21.9,87,0
4/20/2015,21.9,87,1
4/21/2015,21.9,87,11
4/22/2015,21.9,87,0
4/23/2015,22,84,45.1
4/24/2015,20.5,93,0.3
4/25/2015,20.7,91,0
4/26/2015,20.7,91,0
4/27/2015,20.9,89,18.1
4/28/2015,22.7,82,7.2
4/29/2015,22,91,0
4/30/2015,22,83,0
5/1/2015,21.2,87,0
5/2/2015,21.6,87,12
5/3/2015,20.3,93,1.7
5/4/2015,21,88,44
5/5/2015,20,90,2.9
5/6/2015,21.7,86,42
5/7/2015,21.9,89,25.4
5/8/2015,21.5,90,0.1
5/9/2015,21.6,88,0.9
5/10/2015,21.8,85,0.4
5/11/2015,21.6,80,0
5/12/2015,21.3,85,0
5/13/2015,21.3,85,0
5/14/2015,21.3,85,10.9
5/15/2015,21.3,85,2
5/16/2015,22.1,89,4.2
5/17/2015,22,88,1.7
5/18/2015,21.9,87,0.1
5/19/2015,21.7,87,0
5/20/2015,22.1,79,0
5/21/2015,21.2,80,0
5/22/2015,21.4,81,0
5/23/2015,21.6,81,0
5/24/2015,21.8,81,0
5/25/2015,21.8,81,0
5/26/2015,21.8,81,0
5/27/2015,21.8,81,0.1
5/28/2015,21.8,81,0
5/29/2015,21.8,81,0
5/30/2015,21.8,81,0
5/31/2015,22,82,0
6/1/2015,21.3,86,0
6/2/2015,22.1,86,7
6/3/2015,22.3,87,0.3
6/4/2015,22.2,87,0
6/5/2015,22.2,87,0
6/6/2015,22.2,87,0
6/7/2015,22.1,88,2.5
6/8/2015,22.5,86,5.7
6/9/2015,20.9,92,3.5
6/10/2015,21.2,86,1.8
6/11/2015,21.2,86,0
6/12/2015,21.2,86,0
6/13/2015,21.6,80,0
6/14/2015,21.4,81,0
6/15/2015,21.4,81,0
6/16/2015,21.2,81,0
6/17/2015,20.9,82,0
6/18/2015,21.2,81,0
6/19/2015,22.5,80,0
6/20/2015,22.3,79,0
6/21/2015,22.2,78,0
6/22/2015,22.1,79,0
6/23/2015,21.5,80,0
6/24/2015,21.5,80,0
6/25/2015,20.8,81,0
6/26/2015,21.3,80,0
6/27/2015,21.3,80,0
6/28/2015,21.7,80,0
6/29/2015,21.7,80,0
6/30/2015,21.7,80,0
7/1/2015,23,77,0
7/2/2015,25,73,0
7/3/2015,25.5,70,0
7/4/2015,25.3,72,0
7/5/2015,25.5,76,0
7/6/2015,25.5,73,0
7/7/2015,27,72,0
7/8/2015,26.8,73,0
7/9/2015,26.8,73,0.2
7/10/2015,26.6,74,0
7/11/2015,26.3,76,0
7/12/2015,26.4,79,0
7/13/2015,26.7,76,0
7/14/2015,27.3,71,0
7/15/2015,26.5,75,0
7/16/2015,26,76,0
7/17/2015,27.1,72,0
7/18/2015,26.6,71,0
7/19/2015,26,71,0
7/20/2015,26.5,74,0
7/21/2015,26.8,76,0
7/22/2015,25.4,81,0
7/23/2015,26.9,77,0
7/24/2015,26.6,75,0
7/25/2015,25.2,80,0
7/26/2015,26.4,78,0
7/27/2015,26.5,77,0.8
7/28/2015,26.5,77,0
7/29/2015,26.4,76,0.6
7/30/2015,25.4,81,0
7/31/2015,24.4,86,0
8/1/2015,25.3,88,94.6
8/2/2015,25.7,82,0
8/3/2015,24.6,72,0
8/4/2015,23.6,75,0
8/5/2015,24.8,73,0
8/6/2015,25,77,0
8/7/2015,25.7,78,0
8/8/2015,25.7,78,0
8/9/2015,25.9,78,0
8/10/2015,26.8,76,0
8/11/2015,27,78,0
8/12/2015,26.4,80,0
8/13/2015,26.4,80,0.1
8/14/2015,27.4,79,0
8/15/2015,26.4,81,0
8/16/2015,26.7,79,0
8/17/2015,27.5,73,0
8/18/2015,27.1,74,0
8/19/2015,26.6,81,0
8/20/2015,26.5,76,1
8/21/2015,25.7,67,0
8/22/2015,25.9,73,0
8/23/2015,26,70,0
8/24/2015,26.2,72,0
8/25/2015,26.5,75,0
8/26/2015,27,74,0
8/27/2015,27.3,69,0
8/28/2015,26.8,75,0
8/29/2015,26.8,76,0
8/30/2015,27.2,71,0
8/31/2015,27,71,0
9/1/2015,20.6,76,0
9/2/2015,21.3,75,0
9/3/2015,21.3,76,0
9/4/2015,21.4,77,0
9/5/2015,21.5,79,0
9/6/2015,21.5,79,0
9/7/2015,21.5,79,0
9/8/2015,21.5,79,0
9/9/2015,21.6,81,0
9/10/2015,21.7,77,0
9/11/2015,21.7,77,0
9/12/2015,21.7,77,0
9/13/2015,21.7,77,0
9/14/2015,21.9,74,0
9/15/2015,22,75,0
9/16/2015,22,75,0
9/17/2015,22.1,77,0
9/18/2015,22,77,0
9/19/2015,22,77,0
9/20/2015,22,77,0
9/21/2015,21.8,76,0
9/22/2015,21.8,73,8.4
9/23/2015,21.8,69,0
9/24/2015,21.7,75,0
9/25/2015,21.7,75,0
9/26/2015,21.7,75,8.8
9/27/2015,21.9,80,0
9/28/2015,21.2,88,0
9/29/2015,21.8,83,1.6
9/30/2015,21.8,83,0
10/1/2015,22.5,69,0
10/2/2015,21.7,75,0
10/3/2015,21.7,75,1.3
10/4/2015,21.7,75,0
10/5/2015,21.7,75,0
10/6/2015,21.7,75,0.9
10/7/2015,21.7,75,0
10/8/2015,20.9,82,11
10/9/2015,21.2,81,22.5
10/10/2015,21.4,79,1
10/11/2015,22.2,75,0.5
10/12/2015,22.3,71,0
10/13/2015,21.7,82,6
10/14/2015,21.6,78,12.5
10/15/2015,21.6,73,6
10/16/2015,21.4,81,0
10/17/2015,22.8,68,0
10/18/2015,23.3,65,0
10/19/2015,22.8,67,0
10/20/2015,22.8,67,0
10/21/2015,22.8,67,0
10/22/2015,22.4,70,0
10/23/2015,22.9,66,0
10/24/2015,23.1,69,0
10/25/2015,23.1,69,0
10/26/2015,23.1,69,0
10/27/2015,23.3,72,0
10/28/2015,23.7,68,0
10/29/2015,23.7,68,0
10/30/2015,23.7,68,0.4
10/31/2015,23.7,68,0.9
11/1/2015,22.1,83,0
11/2/2015,22.3,86,11.7
11/3/2015,22.2,89,1.7
11/4/2015,22.3,87,0
11/5/2015,22.3,87,1.7
11/6/2015,22.5,84,3.9
11/7/2015,20.8,91,0
11/8/2015,20.2,92,13.7
11/9/2015,20.4,91,50
11/10/2015,21.5,88,31.2
11/11/2015,21.4,88,17.1
11/12/2015,21.7,88,12
11/13/2015,22.6,82,0
11/14/2015,23.5,76,63.7
11/15/2015,21.8,86,47.5
11/16/2015,21.2,93,31.9
11/17/2015,22.2,89,86.6
11/18/2015,22.6,84,3.2
11/19/2015,22.2,87,5.6
11/20/2015,22.2,87,5
11/21/2015,21.9,90,6
11/22/2015,21.9,86,0.3
11/23/2015,23.6,76,30.8
11/24/2015,22,87,37.5
11/25/2015,21.6,85,44.6
11/26/2015,21.1,87,26.5
11/27/2015,21.8,87,0
11/28/2015,21.8,87,0
11/29/2015,22.4,88,10.1
11/30/2015,22.7,86,2.1
12/1/2015,22,89,3.2
12/2/2015,22.2,89,9.6
12/3/2015,22.4,88,6.3
12/4/2015,21.6,88,0
12/5/2015,21.4,92,3.1
12/6/2015,21.6,90,13
12/7/2015,21.6,90,15.9
12/8/2015,21.6,90,44.1
12/9/2015,21.8,88,16.5
12/10/2015,22.3,85,39
12/11/2015,21.3,91,9.1
12/12/2015,20.9,95,33.4
12/13/2015,21.5,93,24.5
12/14/2015,20.5,94,7.3
12/15/2015,20.1,94,11.8
12/16/2015,20.1,94,0
12/17/2015,19.8,94,42.8
12/18/2015,20.3,88,3.2
12/19/2015,20.7,96,16
12/20/2015,20.3,94,2.8
12/21/2015,19.7,92,39.9
12/22/2015,20.3,85,13.2
12/23/2015,21.9,79,0
12/24/2015,22.2,84,0
12/25/2015,22.2,84,0
12/26/2015,22.4,88,0
12/27/2015,22.3,88,0
12/28/2015,22.2,87,20.5
12/29/2015,21.8,88,0
12/30/2015,21.4,88,31.4
12/31/2015,21.2,96,2.4
1/1/2016,21.5,90,1.2
1/2/2016,21.5,90,0
1/3/2016,21.6,89,43.9
1/4/2016,22,90,8.7
1/5/2016,21,95,21
1/6/2016,22.3,84,33.2
1/7/2016,22.6,83,9
1/8/2016,22,87,0
1/9/2016,22,87,0
1/10/2016,21.4,92,4.8
1/11/2016,21.5,91,0
1/12/2016,21.6,92,13.8
1/13/2016,20.9,92,23.3
1/14/2016,22,85,45.5
1/15/2016,23.2,78,0
1/16/2016,22.7,82,0
1/17/2016,22.2,85,0
1/18/2016,22,91,0
1/19/2016,21.6,88,20.9
1/20/2016,21.6,90,21.6
1/21/2016,21.6,91,6.1
1/22/2016,21.4,91,2.3
1/23/2016,20.6,91,0.9
1/24/2016,21.8,88,3.4
1/25/2016,21.1,92,16.8
1/26/2016,21.6,88,0.8
1/27/2016,21.6,88,0
1/28/2016,22,85,0
1/29/2016,22.3,83,1
1/30/2016,22.1,88,5.4
1/31/2016,21.5,89,9.9
2/1/2016,21.1,94,13.1
2/2/2016,20.8,98,60.7
2/3/2016,21.4,88,74.4
2/4/2016,20.9,92,0
2/5/2016,21.8,92,10.2
2/6/2016,23.1,83,7.8
2/7/2016,21.9,91,0
2/8/2016,20.4,93,49.8
2/9/2016,21.1,95,40.6
2/10/2016,20.5,95,20.5
2/11/2016,21.1,95,64.9
2/12/2016,20.7,90,6.1
2/13/2016,22.6,84,5.7
2/14/2016,21.8,84,26.3
2/15/2016,21.9,84,0.6
2/16/2016,21.9,84,0.1
2/17/2016,21.6,88,4
2/18/2016,21.1,91,4
2/19/2016,22,90,6.4
2/20/2016,21.5,93,2.5
2/21/2016,20.9,96,26.9
2/22/2016,20.4,95,58.6
2/23/2016,21.4,85,42.5
2/24/2016,21.2,92,0.2
2/25/2016,20.8,92,13.6
2/26/2016,20.1,95,9.9
2/27/2016,20.1,94,16.3
2/28/2016,20.7,95,7
2/29/2016,20.5,98,9
3/1/2016,19.9,98,54.4
3/2/2016,20.4,98,21.9
3/3/2016,21.5,95,22
3/4/2016,21.1,93,14
3/5/2016,21,95,32.2
3/6/2016,22.2,90,32.1
3/7/2016,22.8,86,6.1
3/8/2016,21.7,88,40.4
3/9/2016,21.3,91,5.5
3/10/2016,22.4,90,29
3/11/2016,21.9,92,22.2
3/12/2016,21.6,89,32.6
3/13/2016,22.3,86,9.5
3/14/2016,22.4,92,19.4
3/15/2016,22.5,87,13.4
3/16/2016,22.7,81,0
3/17/2016,22.1,82,2.4
3/18/2016,22.9,91,43.1
3/19/2016,23,85,0
3/20/2016,23.4,87,0
3/21/2016,22.1,94,3.9
3/22/2016,21.6,91,1.2
3/23/2016,21.2,89,36.2
3/24/2016,22.7,83,6.9
3/25/2016,22,89,1.3
3/26/2016,21.7,94,14.4
3/27/2016,21.7,88,22.3
3/28/2016,21.7,91,0
3/29/2016,20.8,89,21.5
3/30/2016,21.4,91,45.3
3/31/2016,21.7,94,23
4/1/2016,21.6,90,1.1
4/2/2016,21.3,88,27.3
4/3/2016,21.9,88,51.7
4/4/2016,23,86,6.4
4/5/2016,22.1,92,3.5
4/6/2016,22.2,87,46.1
4/7/2016,22.6,86,18.4
4/8/2016,22.4,89,9.2
4/9/2016,21.7,90,4.4
4/10/2016,22.4,86,50.4
4/11/2016,22.4,84,0
4/12/2016,22.6,89,14.2
4/13/2016,22,89,0
4/14/2016,22.9,85,2
4/15/2016,22,92,1.7
4/16/2016,22.7,88,1.5
4/17/2016,23.3,85,1.4
4/18/2016,22.8,85,17
4/19/2016,21.9,92,9.5
4/20/2016,22.3,92,18.2
4/21/2016,22.4,90,17.8
4/22/2016,23.1,84,54.5
4/23/2016,24,80,1
4/24/2016,24,79,1.5
4/25/2016,22,88,0
4/26/2016,21.4,93,23.5
4/27/2016,21.5,92,3.1
4/28/2016,21.9,85,9.4
4/29/2016,21,94,47.7
4/30/2016,21.8,90,20.2
5/1/2016,22.6,82,28.8
5/2/2016,22.6,89,0
5/3/2016,24.1,78,19.5
5/4/2016,23.9,78,0.2
5/5/2016,22.9,83,0
5/6/2016,22.9,82,0
5/7/2016,22.1,86,0
5/8/2016,21.9,86,2.2
5/9/2016,21.7,87,4.7
5/10/2016,23.6,84,12.6
5/11/2016,22.6,87,0
5/12/2016,22.5,88,21
5/13/2016,22.9,89,42.2
5/14/2016,23.7,85,1.3
5/15/2016,23.7,82,0
5/16/2016,22.4,90,10
5/17/2016,21.8,92,0.7
5/18/2016,22.9,88,23.7
5/19/2016,22.9,88,0
5/20/2016,22.9,90,2.1
5/21/2016,21.6,93,17.7
5/22/2016,22,94,34.1
5/23/2016,22.5,89,14.7
5/24/2016,22,92,3.5
5/25/2016,22.6,89,4
5/26/2016,22.5,83,9
5/27/2016,23,83,0
5/28/2016,23.6,78,0.2
5/29/2016,22.4,81,0
5/30/2016,22.7,83,0
5/31/2016,23.3,81,0
6/1/2016,22.7,85,0
6/2/2016,22.7,85,0
6/3/2016,22.1,85,0.8
6/4/2016,22.8,78,0.1
6/5/2016,22.2,89,0
6/6/2016,21.5,86,0
6/7/2016,21.9,87,0
6/8/2016,20.9,92,38
6/9/2016,21.6,93,13
6/10/2016,23,82,5
6/11/2016,21.6,83,0
6/12/2016,22.3,84,0.2
6/13/2016,21.8,86,0
6/14/2016,21.7,84,0
6/15/2016,21.2,84,0
6/16/2016,23.2,82,0.2
6/17/2016,22.9,81,0
6/18/2016,20.5,92,80.5
6/19/2016,22.2,77,8.8
6/20/2016,21.8,83,4.5
6/21/2016,22.6,71,2
6/22/2016,22.5,78,0.2
6/23/2016,23.1,74,0
6/24/2016,22,74,0
6/25/2016,21.5,77,0
6/26/2016,21.3,89,0
6/27/2016,21,84,10.5
6/28/2016,21.7,74,5
6/29/2016,21.4,89,0
6/30/2016,22.2,84,44.4
7/1/2016,21.3,84,1.1
7/2/2016,22.7,82,1.1
7/3/2016,21,92,28.5
7/4/2016,21.9,87,55.8
7/5/2016,21.5,88,1
7/6/2016,22.1,88,1.5
7/7/2016,21.6,84,0
7/8/2016,21.5,87,0.4
7/9/2016,21.9,85,14.6
7/10/2016,21.5,91,0
7/11/2016,21.9,86,0
7/12/2016,21.7,89,10.6
7/13/2016,21.8,85,5.5
7/14/2016,22,90,0.6
7/15/2016,23.1,78,0
7/16/2016,21.2,89,0.7
7/17/2016,20.9,92,22.3
7/18/2016,20.8,91,12
7/19/2016,20.7,90,25.4
7/20/2016,21.1,88,26
7/21/2016,21.6,86,0
7/22/2016,19.7,91,16.8
7/23/2016,20.8,87,55.3
7/24/2016,21,88,2.5
7/25/2016,21.5,87,2.8
7/26/2016,21.7,74,0
7/27/2016,22.2,75,0
7/28/2016,21.4,83,0
7/29/2016,21.5,84,0
7/30/2016,20.9,85,1.1
7/31/2016,21.6,81,1
8/1/2016,22,86,0
8/2/2016,20.7,73,0.1
8/3/2016,20.6,76,0
8/4/2016,20.7,75,0
8/5/2016,20.9,79,0
8/6/2016,21.4,76,0
8/7/2016,21.4,83,0
8/8/2016,21.9,91,0.2
8/9/2016,22.1,78,6.8
8/10/2016,21.5,74,0.8
8/11/2016,21.6,88,0.2
8/12/2016,21.4,86,5.5
8/13/2016,21.2,95,11
8/14/2016,20.6,91,14
8/15/2016,21.2,91,7
8/16/2016,20.9,87,0
8/17/2016,21.6,84,0.5
8/18/2016,21.6,92,2.7
8/19/2016,21.5,86,1
8/20/2016,21.6,83,0
8/21/2016,21.5,82,3
8/22/2016,21,86,1.5
8/23/2016,21.5,86,0
8/24/2016,22,80,0
8/25/2016,20.4,85,0.8
8/26/2016,21.4,86,3.8
8/27/2016,21.7,86,6.5
8/28/2016,21.5,87,9.1
8/29/2016,22,91,9.5
8/30/2016,21.1,91,10
8/31/2016,21,90,11.6
9/1/2016,21.7,90,7.6
9/2/2016,21.5,92,6.5
9/3/2016,21.1,90,7.8
9/4/2016,22.1,87,45
9/5/2016,21.9,86,18.4
9/6/2016,21.6,86,0
9/7/2016,21.2,89,2.5
9/8/2016,20.8,91,22
9/9/2016,21.6,73,15.5
9/10/2016,21.6,87,0
9/11/2016,21.4,89,16.4
9/12/2016,21.2,86,8.5
9/13/2016,21.9,80,0.4
9/14/2016,21,87,20
9/15/2016,21.2,90,39.6
9/16/2016,21.4,87,20
9/17/2016,21.9,89,0.4
9/18/2016,21.1,94,0.1
9/19/2016,21.1,92,48.1
9/20/2016,22,89,20.7
9/21/2016,21.4,87,0.1
9/22/2016,22,90,7.2
9/23/2016,21,90,11
9/24/2016,21.5,90,0.4
9/25/2016,22,87,22.8
9/26/2016,22.5,79,22.7
9/27/2016,22.4,89,24.5
9/28/2016,22,85,26.4
9/29/2016,21.5,91,14.8
9/30/2016,20.9,93,9.5
10/1/2016,21.9,86,20.7
10/2/2016,21.4,87,0.5
10/3/2016,22.3,78,6.1
10/4/2016,20.6,92,0.8
10/5/2016,21,91,32.2
10/6/2016,21.1,93,5.8
10/7/2016,22.2,87,2.7
10/8/2016,20.6,95,32.7
10/9/2016,20.3,93,0
10/10/2016,20,97,18.9
10/11/2016,20.9,92,69
10/12/2016,22.4,87,1
10/13/2016,21.9,87,4.4
10/14/2016,21.7,90,2.2
10/15/2016,21,91,1.1
10/16/2016,23.5,61,0
10/17/2016,22.1,73,0
10/18/2016,21.9,90,0.6
10/19/2016,22.2,90,16.2
10/20/2016,22.1,83,0.4
10/21/2016,21.8,89,0.4
10/22/2016,21.8,89,18.4
10/23/2016,20.5,96,14.1
10/24/2016,22.1,86,12.3
10/25/2016,21.6,88,6.2
10/26/2016,21.2,87,14.9
10/27/2016,21.2,92,2.7
10/28/2016,20.3,93,16.6
10/29/2016,21,88,41.5
10/30/2016,20.7,89,9.6
10/31/2016,21.6,86,38
11/1/2016,21.5,90,2.5
11/2/2016,21.4,86,3.1
11/3/2016,21,92,2.4
11/4/2016,22.5,83,3.4
11/5/2016,22.4,84,0.4
11/6/2016,22,88,0.8
11/7/2016,22.7,89,78.4
11/8/2016,21.5,89,3.5
11/9/2016,21.3,88,41.3
11/10/2016,21.9,80,0.8
11/11/2016,21.4,88,16.7
11/12/2016,21.5,92,13.1
11/13/2016,21.6,95,2.3
11/14/2016,21.6,88,15.3
11/15/2016,21.9,86,2.4
11/16/2016,21.3,86,8.4
11/17/2016,22.2,89,14.9
11/18/2016,20.9,94,16.9
11/19/2016,21.9,89,15.4
11/20/2016,21.9,92,1.4
11/21/2016,21.2,94,11.9
11/22/2016,20.7,89,9.4
11/23/2016,21.6,88,12.5
11/24/2016,22.5,86,11
11/25/2016,21.2,89,1
11/26/2016,22,88,0
11/27/2016,22.4,87,17.5
11/28/2016,21.2,93,1.7
11/29/2016,21.8,90,1.2
11/30/2016,21.7,88,2.4
12/1/2016,21.9,84,3.6
12/2/2016,20.7,91,9
12/3/2016,23.2,74,12.5
12/4/2016,22.4,83,2.1
12/5/2016,21.1,88,13.1
12/6/2016,20.7,95,2.2
12/7/2016,21.1,93,0.1
12/8/2016,21.3,92,0.9
12/9/2016,21.3,82,6.3
12/10/2016,21.9,85,3.8
12/11/2016,20.9,86,3.1
12/12/2016,21,90,36
12/13/2016,21.4,87,0.8
12/14/2016,20.6,87,2.6
12/15/2016,21.9,81,17.1
12/16/2016,21.5,88,2.3
12/17/2016,21.1,85,1.1
12/18/2016,21.2,84,0
12/19/2016,20.7,92,2.4
12/20/2016,22.7,72,11.1
12/21/2016,22.5,72,0
12/22/2016,23,75,0.2
12/23/2016,23,78,0.4
12/24/2016,23.4,76,0.2
12/25/2016,20.9,88,0
12/26/2016,22.1,82,2.5
12/27/2016,21.9,80,0
12/28/2016,23.2,78,0.8
12/29/2016,21.3,88,0.1
12/30/2016,21.3,85,0.2
12/31/2016,21.4,86,9.3
1/1/2017,22.2,78,14.7
1/2/2017,21.6,82,2.1
1/3/2017,23.4,76,2.3
1/4/2017,20.9,87,14
1/5/2017,21.4,89,4.2
1/6/2017,21.3,87,30.6
1/7/2017,21.7,84,3.9
1/8/2017,21.7,85,0
1/9/2017,21.4,88,2
1/10/2017,21.4,92,4
1/11/2017,21.2,92,5
1/12/2017,21.2,91,20.9
1/13/2017,22.5,83,2
1/14/2017,20.5,88,3
1/15/2017,22.2,76,16.5
1/16/2017,20.4,89,1.7
1/17/2017,20.9,87,6.5
1/18/2017,20.7,89,5.4
1/19/2017,21.3,86,3.5
1/20/2017,22.5,76,2.5
1/21/2017,21.9,83,1.8
1/22/2017,20.5,88,7.1
1/23/2017,21.9,86,58.4
1/24/2017,20.8,91,1.1
1/25/2017,21.6,80,12.7
1/26/2017,21.1,80,6.3
1/27/2017,21.3,89,0
1/28/2017,20.4,92,7.7
1/29/2017,19.5,97,9.5
1/30/2017,20.1,92,19.3
1/31/2017,20.2,94,6.6
2/1/2017,19.4,94,51.5
2/2/2017,20.3,86,10.4
2/3/2017,20.5,85,1.4
2/4/2017,19.8,96,24.6
2/5/2017,21.8,82,28.2
2/6/2017,21.2,88,45.4
2/7/2017,20.9,84,3.3
2/8/2017,19.3,99,20.4
2/9/2017,19,98,50.4
2/10/2017,19.4,99,31.3
2/11/2017,19.2,99,39
2/12/2017,19.6,100,63.7
2/13/2017,20.2,95,34.8
2/14/2017,20.1,97,4.8
2/15/2017,19.6,98,36.3
2/16/2017,19.2,96,44
2/17/2017,20.5,96,27.5
2/18/2017,20.7,89,2
2/19/2017,20.6,96,0
2/20/2017,20.1,97,4.5
2/21/2017,20.3,92,32.2
2/22/2017,20.2,93,7
2/23/2017,21.3,88,28.8
2/24/2017,21.1,89,10
2/25/2017,20.4,91,38.2
2/26/2017,21.5,89,20
2/27/2017,20.5,92,11.4
2/28/2017,20.3,94,17.4
3/1/2017,21,94,0.9
3/2/2017,20.6,92,14
3/3/2017,21.1,91,2.1
3/4/2017,20.8,89,4.2
3/5/2017,21.7,85,21.3
3/6/2017,21.5,94,9
3/7/2017,20.6,91,21.9
3/8/2017,22.2,79,66.2
3/9/2017,21.9,77,21
3/10/2017,20.9,92,0.2
3/11/2017,21.1,85,11.4
3/12/2017,21.9,75,0.7
3/13/2017,23.3,70,1
3/14/2017,22.3,80,0
3/15/2017,21.4,86,0.3
3/16/2017,21.5,88,8.7
3/17/2017,21.8,86,0.1
3/18/2017,20.6,95,22.2
3/19/2017,21.9,78,16.7
3/20/2017,21.4,85,10.5
3/21/2017,21.6,84,7.3
3/22/2017,21.1,94,10.4
3/23/2017,21.7,93,11.3
3/24/2017,21.6,87,0.3
3/25/2017,22.1,88,18.2
3/26/2017,21.4,87,0
3/27/2017,20.7,88,8
3/28/2017,21.9,83,4.3
3/29/2017,21.8,85,0
3/30/2017,21.7,86,0.7
3/31/2017,21.6,89,1.3
4/1/2017,21.8,88,1.1
4/2/2017,20.9,91,6.2
4/3/2017,20.6,89,34.6
4/4/2017,20.7,90,0.7
4/5/2017,21.8,87,2
4/6/2017,21.8,85,0.8
4/7/2017,22,84,0
4/8/2017,21.6,85,2.7
4/9/2017,21.7,84,0.1
4/10/2017,21.7,85,6.8
4/11/2017,21.7,90,36.7
4/12/2017,21.7,90,11.4
4/13/2017,22.1,91,12.5
4/14/2017,22.3,89,39.2
4/15/2017,22.1,90,0
4/16/2017,21.5,92,34.5
4/17/2017,22.5,83,24.9
4/18/2017,22,82,0
4/19/2017,20.9,90,31
4/20/2017,22.2,85,51.6
4/21/2017,22.5,87,0.2
4/22/2017,21.1,91,5.2
4/23/2017,21.5,85,35.3
4/24/2017,22.5,84,5.5
4/25/2017,22.7,81,0.4
4/26/2017,20.7,93,19.4
4/27/2017,21.4,88,13.1
4/28/2017,21.6,86,22.5
4/29/2017,22.1,80,1
4/30/2017,22.1,83,1.4
5/1/2017,21.5,88,1
5/2/2017,20.1,94,48.5
5/3/2017,22.1,92,34.2
5/4/2017,21.6,94,31.6
5/5/2017,21.2,93,10.6
5/6/2017,20.9,90,18.5
5/7/2017,21,92,16.5
5/8/2017,21.2,91,1.8
5/9/2017,21.3,91,27.9
5/10/2017,21,92,20.5
5/11/2017,21.1,89,13.3
5/12/2017,21.7,88,0
5/13/2017,21.9,86,0.3
5/14/2017,23.1,81,0.3
5/15/2017,22.8,85,0
5/16/2017,22.5,85,0
5/17/2017,22.6,88,0
5/18/2017,22.5,82,0
5/19/2017,22.3,82,0
5/20/2017,21.9,83,0
5/21/2017,22.6,83,0
5/22/2017,23.1,86,0
5/23/2017,22.4,83,0
5/24/2017,22,86,0.3
5/25/2017,22.2,87,15.8
5/26/2017,22.4,73,0
5/27/2017,22.8,83,0
5/28/2017,21.6,91,0
5/29/2017,22.1,85,4.8
5/30/2017,22.6,81,0.5
5/31/2017,23.5,81,0
6/1/2017,21.3,91,7.2
6/2/2017,21.9,86,9.3
6/3/2017,21.9,83,0
6/4/2017,22,89,0.8
6/5/2017,21.5,90,4
6/6/2017,21.7,90,30.7
6/7/2017,22.4,80,0
6/8/2017,23,74,0
6/9/2017,22.5,72,0
6/10/2017,22,88,0.4
6/11/2017,21.9,88,0.2
6/12/2017,22,88,2.9
6/13/2017,22.4,84,1.5
6/14/2017,21.6,91,0.2
6/15/2017,21.3,90,8.4
6/16/2017,23.7,72,0
6/17/2017,21.9,83,0
6/18/2017,21.4,85,0
6/19/2017,20.8,84,1.2
6/20/2017,21.9,76,0
6/21/2017,21.2,81,0
6/22/2017,21.1,90,0
6/23/2017,20.6,91,5.4
6/24/2017,20.8,86,0.3
6/25/2017,21.2,88,1
6/26/2017,21.3,84,2
6/27/2017,21.6,88,12.4
6/28/2017,20.8,90,0
6/29/2017,21.1,89,10.6
6/30/2017,20.4,94,34.8
7/1/2017,21.3,81,5.2
7/2/2017,21.8,87,0
7/3/2017,21.3,89,0
7/4/2017,21.7,87,8.6
7/5/2017,21.4,87,3.3
7/6/2017,21.4,85,0.4
7/7/2017,21.5,83,0
7/8/2017,21.6,86,0
7/9/2017,21.2,91,0.4
7/10/2017,21.4,86,0.9
7/11/2017,21.4,85,0.4
7/12/2017,20.7,82,0
7/13/2017,21.6,87,0
7/14/2017,21.3,87,0
7/15/2017,20.7,88,0
7/16/2017,20.6,82,0
7/17/2017,20.7,79,0
7/18/2017,20.6,84,0
7/19/2017,21.2,83,0.7
7/20/2017,21.1,86,1.4
7/21/2017,22.1,83,0
7/22/2017,20.9,88,0.1
7/23/2017,21.1,94,1.1
7/24/2017,21.8,90,28.2
7/25/2017,21.6,82,0
7/26/2017,20.5,78,0
7/27/2017,20.6,85,0
7/28/2017,22.2,82,37.9
7/29/2017,21.6,92,1
7/30/2017,21.8,89,1
7/31/2017,22.1,85,0.5
8/1/2017,20.4,80,0.2
8/2/2017,20.9,75,0
8/3/2017,20.5,81,0
8/4/2017,20.7,77,0
8/5/2017,21.3,74,0
8/6/2017,21.5,80,0
8/7/2017,21.5,84,0
8/8/2017,21.1,79,0
8/9/2017,21.5,83,4.6
8/10/2017,21.7,87,24
8/11/2017,21.1,90,1.9
8/12/2017,21.3,89,2
8/13/2017,21.4,87,0
8/14/2017,21.6,84,0
8/15/2017,20.4,76,0
8/16/2017,20.7,78,0
8/17/2017,21.1,78,0
8/18/2017,21.7,82,0
8/19/2017,22.1,85,0
8/20/2017,21.8,86,0
8/21/2017,21.7,83,0
8/22/2017,20.7,81,0
8/23/2017,21.9,79,0
8/24/2017,22.2,78,0
8/25/2017,21.7,79,0
8/26/2017,22.8,71,0
8/27/2017,21.8,66,0
8/28/2017,22.7,63,0
8/29/2017,21.4,81,0
8/30/2017,21.4,88,16.8
8/31/2017,21.2,83,0
9/1/2017,21.6,82,0
9/2/2017,21.4,81,0
9/3/2017,21.6,82,0
9/4/2017,22.2,81,0
9/5/2017,21.6,85,0
9/6/2017,21.1,91,0
9/7/2017,21.6,82,0.6
9/8/2017,21.8,83,0.3
9/9/2017,22.6,80,0
9/10/2017,21.9,85,0.2
9/11/2017,21.8,81,2.1
9/12/2017,21.2,82,0
9/13/2017,21.6,77,0
9/14/2017,21.3,83,0
9/15/2017,22.4,82,0
9/16/2017,22.7,80,0
9/17/2017,23.1,74,0
9/18/2017,24,64,0
9/19/2017,22,84,0
9/20/2017,21.4,84,0
9/21/2017,21.3,74,0
9/22/2017,22.6,70,0
9/23/2017,22.5,75,0
9/24/2017,21,88,0
9/25/2017,20.8,93,5.2
9/26/2017,22.3,83,3.9
9/27/2017,20.7,92,1.7
9/28/2017,22.6,84,8.6
9/29/2017,21.4,85,0
9/30/2017,21.8,87,11.4
10/1/2017,22.2,91,9.5
10/2/2017,20.9,94,7.9
10/3/2017,20.9,89,22.5
10/4/2017,21.3,88,13.4
10/5/2017,21.7,90,26.9
10/6/2017,23,86,0.3
10/7/2017,21.2,86,0
10/8/2017,21.8,85,40.3
10/9/2017,21.1,89,2.6
10/10/2017,21,95,32
10/11/2017,22.2,86,6.1
10/12/2017,20.9,95,26.3
10/13/2017,21.8,85,3
10/14/2017,21.8,86,0.9
10/15/2017,22.2,82,0
10/16/2017,21.1,89,0.4
10/17/2017,21.1,91,3.8
10/18/2017,21.9,91,11.9
10/19/2017,20.1,91,33.3
10/20/2017,21.3,90,18.7
10/21/2017,22.9,87,15.5
10/22/2017,22.9,84,0.5
10/23/2017,21.8,83,0
10/24/2017,21.4,77,0.1
10/25/2017,21.7,86,0.3
10/26/2017,21.6,90,60
10/27/2017,21.9,86,1.3
10/28/2017,21.6,95,0.6
10/29/2017,22.1,83,22.9
10/30/2017,21.6,85,0
10/31/2017,22,83,16
11/1/2017,22.3,76,11.3
11/2/2017,21.9,83,0
11/3/2017,22.2,82,0
11/4/2017,22.3,85,3.5
11/5/2017,21.5,91,7.8
11/6/2017,21.7,90,18.9
11/7/2017,21.4,88,35.7
11/8/2017,21.8,84,7.5
11/9/2017,20.7,92,17.5
11/10/2017,20.8,88,15.6
11/11/2017,21.8,85,34.5
11/12/2017,21.1,89,7.9
11/13/2017,21.3,88,3.3
11/14/2017,22.4,84,2.5
11/15/2017,21.6,90,14.6
11/16/2017,21.6,85,36
11/17/2017,20.6,92,57.7
11/18/2017,21,92,90
11/19/2017,21,88,1.6
11/20/2017,21.6,81,4
11/21/2017,21.8,86,0
11/22/2017,21.9,91,11.6
11/23/2017,22.1,80,0.1
11/24/2017,22,79,0
11/25/2017,22.9,72,0
11/26/2017,21.7,85,10.5
11/27/2017,21.8,86,21.5
11/28/2017,21,88,44.5
11/29/2017,21.4,84,2.7
11/30/2017,19.2,98,10
12/1/2017,20.1,94,41
12/2/2017,22,78,10.7
12/3/2017,22.8,84,0
12/4/2017,22.5,79,0
12/5/2017,22.5,74,0
12/6/2017,22.4,76,0
12/7/2017,22.6,83,1.5
12/8/2017,22.3,87,3.5
12/9/2017,21.6,86,5.1
12/10/2017,23.2,80,14.6
12/11/2017,20.4,93,0.2
12/12/2017,20.9,89,48.2
12/13/2017,20.4,94,36.4
12/14/2017,20.7,91,5.6
12/15/2017,21.3,90,3.4
12/16/2017,20.1,91,6.2
12/17/2017,21,89,2.7
12/18/2017,20.6,90,20.6
12/19/2017,19.8,98,23.4
12/20/2017,19.5,96,32.2
12/21/2017,20,92,11.4
12/22/2017,21.8,88,36.8
12/23/2017,21,80,18.4
12/24/2017,21.4,77,9.2
12/25/2017,20.8,66,0
12/26/2017,21.7,81,0
12/27/2017,21.5,83,0
12/28/2017,21.1,78,0.2
12/29/2017,21.3,78,0
12/30/2017,21.9,90,10
12/31/2017,22.4,82,7
