Tanggal;Suhu Rata-rata (°C);Kelembaban Rata-rata (%);Curah Hujan (mm)
01/01/2013;26,2;84;3,8
02/01/2013;26,2;84;0,9
03/01/2013;26,4;84;0,4
04/01/2013;24,2;94;7,5
05/01/2013;25,5;87;32,1
06/01/2013;24,5;90;27,5
07/01/2013;25;90;12,4
08/01/2013;24;95;2,5
09/01/2013;23,1;96;46,7
10/01/2013;26,1;78;46,9
11/01/2013;25,5;83;3,5
12/01/2013;25,3;85;29,1
13/01/2013;24,3;94;21,9
14/01/2013;25,3;90;22,6
15/01/2013;23;96;74,2
16/01/2013;24,4;94;61,4
17/01/2013;24,4;94;26,2
18/01/2013;24,9;93;26,6
19/01/2013;26,3;86;7,7
20/01/2013;25,5;88;0,9
21/01/2013;26,2;84;2,3
22/01/2013;24,3;94;8888
23/01/2013;24,2;92;31,6
24/01/2013;25;91;1
25/01/2013;25,5;88;0,6
26/01/2013;25,1;90;6,5
27/01/2013;26,1;80;6,8
28/01/2013;26,3;82;0
29/01/2013;26,3;84;0
30/01/2013;26,2;84;6,2
31/01/2013;24,6;92;0
01/02/2013;26,6;80;4
02/02/2013;25,7;90;0
03/02/2013;25,1;86;3,3
04/02/2013;25,9;84;0
05/02/2013;25,5;87;55
06/02/2013;25,3;88;60,5
07/02/2013;25;86;5
08/02/2013;25,9;84;53,9
09/02/2013;26;85;0,2
10/02/2013;25,5;87;1,1
11/02/2013;25,7;89;8,2
12/02/2013;25,7;90;49,3
13/02/2013;25,1;88;96,5
14/02/2013;25,1;85;3,2
15/02/2013;25,3;87;10
16/02/2013;26,1;84;0,4
17/02/2013;25,1;88;5,3
18/02/2013;25,3;86;1,2
19/02/2013;24,8;86;12,5
20/02/2013;25,6;86;2,6
21/02/2013;26,5;77;7,8
22/02/2013;25,1;88;0,5
23/02/2013;26;90;3,5
24/02/2013;25,5;84;16,9
25/02/2013;28,1;72;5,3
26/02/2013;28;67;0
27/02/2013;27,1;75;0
28/02/2013;27;78;8888
01/03/2013;28;70;2
02/03/2013;27,6;76;0
03/03/2013;26,4;82;8888
04/03/2013;25,4;91;6
05/03/2013;24,8;87;71,5
06/03/2013;24,9;88;0,9
07/03/2013;26,4;80;1,6
08/03/2013;25,6;86;0
09/03/2013;24,2;93;25,6
10/03/2013;26,5;84;18,1
11/03/2013;26,8;80;1,4
12/03/2013;26,2;83;8888
13/03/2013;27,2;78;0,6
14/03/2013;26,3;84;8888
15/03/2013;25,9;83;8888
16/03/2013;25,1;86;12,5
17/03/2013;26,4;84;16,2
18/03/2013;25,9;82;0,1
19/03/2013;26,1;83;0
20/03/2013;25,6;84;22
21/03/2013;26,5;78;4,5
22/03/2013;25,3;86;0
23/03/2013;25,8;85;8888
24/03/2013;26,9;82;62,6
25/03/2013;26,5;83;9,5
26/03/2013;27,3;80;8888
27/03/2013;25,8;86;8888
28/03/2013;25,8;86;10,1
29/03/2013;27,1;84;7,3
30/03/2013;26,7;83;17,3
31/03/2013;26,6;84;0
01/04/2013;26,3;86;32,2
02/04/2013;26,5;86;0
03/04/2013;27;86;5,2
04/04/2013;26,4;88;0,2
05/04/2013;26,8;85;24,4
06/04/2013;25,5;92;8888
07/04/2013;26,1;87;9,2
08/04/2013;26,7;84;8,3
09/04/2013;27;84;8888
10/04/2013;25,9;87;4,9
11/04/2013;26,5;86;1,5
12/04/2013;26,8;79;0,1
13/04/2013;26,7;84;4,2
14/04/2013;27,5;79;8888
15/04/2013;27,6;84;26,7
16/04/2013;26,6;86;4,2
17/04/2013;25,9;87;1
18/04/2013;24,4;90;35,2
19/04/2013;25,3;87;12,2
20/04/2013;27,2;77;1,5
21/04/2013;26,9;87;0
22/04/2013;24,5;96;1,8
23/04/2013;26,5;82;19,1
24/04/2013;27,7;83;0,8
25/04/2013;24,6;89;0
26/04/2013;27,2;81;2,5
27/04/2013;26,4;86;17,2
28/04/2013;27,2;81;3,6
29/04/2013;26,6;79;0
30/04/2013;27,4;77;0
01/05/2013;26,2;84;0
02/05/2013;26;83;85,9
03/05/2013;26,8;78;0
04/05/2013;27,3;78;8888
05/05/2013;27,3;81;0
06/05/2013;27,2;78;0
07/05/2013;26,7;83;0
08/05/2013;26,5;86;5
09/05/2013;26;88;6,6
10/05/2013;26,2;87;11,7
11/05/2013;26,1;88;95,6
12/05/2013;25,6;92;73
13/05/2013;25,5;90;0,1
14/05/2013;26,1;86;0
15/05/2013;25,9;83;0
16/05/2013;26,4;86;8888
17/05/2013;25,9;87;0,4
18/05/2013;27,2;84;29,1
19/05/2013;26,1;86;0
20/05/2013;26,4;84;7,2
21/05/2013;26,7;84;0
22/05/2013;26,3;83;8888
23/05/2013;25,3;87;8888
24/05/2013;26,8;80;4,5
25/05/2013;25,5;89;3,6
26/05/2013;25,7;86;0,3
27/05/2013;25,5;91;7
28/05/2013;25,5;88;4,6
29/05/2013;26,4;82;8888
30/05/2013;25,6;87;41,2
31/05/2013;26,1;85;23,5
01/06/2013;26,5;82;8888
02/06/2013;26,1;82;0
03/06/2013;25,6;84;0
04/06/2013;27,2;78;0
05/06/2013;26,6;84;1,1
06/06/2013;25,3;87;1
07/06/2013;26,3;79;1
08/06/2013;26,8;82;0
09/06/2013;27,4;76;2,7
10/06/2013;26,1;84;0,8
11/06/2013;25,5;90;11,5
12/06/2013;25,4;89;4,3
13/06/2013;25,5;85;0,5
14/06/2013;26,5;80;0,3
15/06/2013;27,4;81;0
16/06/2013;27,6;80;0
17/06/2013;25,6;91;8888
18/06/2013;26,3;81;0,2
19/06/2013;26,4;82;8888
20/06/2013;26,3;82;8888
21/06/2013;26,4;80;0
22/06/2013;26,7;78;8888
23/06/2013;27;80;0
24/06/2013;26,5;78;0
25/06/2013;27,2;75;0
26/06/2013;25,5;84;0
27/06/2013;9999;9999;36,5
28/06/2013;25,7;80;2,3
29/06/2013;26,2;83;0
30/06/2013;26,2;81;0,1
01/07/2013;26,5;82;18,3
02/07/2013;25,6;86;1,9
03/07/2013;25;90;12
04/07/2013;9999;9999;26,1
05/07/2013;9999;9999;12,6
06/07/2013;25,6;82;0,5
07/07/2013;25,2;77;0
08/07/2013;25,3;80;0
09/07/2013;24,6;88;1,8
10/07/2013;24,9;87;49,3
11/07/2013;24,6;90;0
12/07/2013;25,5;83;92,7
13/07/2013;24,5;91;8888
14/07/2013;25,4;85;10
15/07/2013;24,9;86;8888
16/07/2013;26;82;11,6
17/07/2013;25,2;86;5,5
18/07/2013;26;82;1,9
19/07/2013;26,1;74;21,4
20/07/2013;25,4;84;0
21/07/2013;25,8;83;3
22/07/2013;23,7;93;43
23/07/2013;25,3;81;16,4
24/07/2013;25,7;87;0
25/07/2013;26,1;79;0
26/07/2013;26,5;79;3
27/07/2013;25,6;84;0,6
28/07/2013;26,6;79;6,8
29/07/2013;26,5;83;0
30/07/2013;25,5;84;8
31/07/2013;25,7;82;13,8
01/09/2013;9999;9999;9999
02/09/2013;9999;9999;9999
03/09/2013;9999;9999;9999
04/09/2013;9999;9999;1,6
05/09/2013;9999;9999;4,8
01/10/2013;25,9;81;0
02/10/2013;26,1;84;0
03/10/2013;26,7;79;6,2
04/10/2013;26,2;75;2,2
05/10/2013;25,4;84;0
06/10/2013;27;77;43,4
07/10/2013;26,1;80;48,1
08/10/2013;25;83;0
09/10/2013;26,4;78;0,4
10/10/2013;26,8;71;5,2
11/10/2013;26,9;74;0
12/10/2013;27;76;0
13/10/2013;26,5;78;0
14/10/2013;26,2;81;8888
15/10/2013;27,4;72;14,2
16/10/2013;27,2;72;0
17/10/2013;27,4;74;0
18/10/2013;25,2;88;0
19/10/2013;25,6;81;12,5
20/10/2013;26,1;84;0
21/10/2013;25,7;83;4
22/10/2013;25,4;88;20,3
23/10/2013;25,2;86;36,7
24/10/2013;26,2;82;60,2
25/10/2013;26,7;79;0,3
26/10/2013;26,3;79;0
27/10/2013;25,2;88;34,5
28/10/2013;24,6;92;48,5
29/10/2013;25,2;84;56,9
30/10/2013;25,7;80;0
31/10/2013;26,5;79;0
01/11/2013;26,4;81;1,5
02/11/2013;26,6;77;5,2
03/11/2013;26,9;79;0
04/11/2013;26,6;80;1,2
05/11/2013;26,4;82;0,2
06/11/2013;26,2;82;8888
07/11/2013;26,2;84;4,7
08/11/2013;25,7;88;12,3
09/11/2013;27;78;1,3
10/11/2013;26;82;0
11/11/2013;25,1;89;8,3
12/11/2013;25,3;85;9,5
13/11/2013;25,3;89;35,5
14/11/2013;25,2;86;46,1
15/11/2013;25;91;20,2
16/11/2013;25,1;92;19,2
17/11/2013;24,4;92;3,3
18/11/2013;26,2;78;15,3
19/11/2013;26,2;72;0
20/11/2013;25,9;71;0
21/11/2013;26,6;75;8888
22/11/2013;27;70;0
23/11/2013;27,4;67;0
24/11/2013;27,3;79;0
25/11/2013;27,1;76;0
26/11/2013;24,3;86;1,1
27/11/2013;26,3;80;0,7
28/11/2013;27,7;76;1,3
29/11/2013;26,6;82;8888
30/11/2013;28,2;69;0
01/12/2013;26,9;76;0
02/12/2013;26,1;87;2,3
03/12/2013;24,9;91;0,2
04/12/2013;25,8;84;53,8
05/12/2013;25,6;86;26,4
06/12/2013;26,4;82;25,5
07/12/2013;26,6;81;14,1
08/12/2013;25,7;86;0
09/12/2013;25,6;88;2,5
10/12/2013;25,1;86;20,2
11/12/2013;25,4;92;97,4
12/12/2013;25,1;88;8,1
13/12/2013;25,5;86;8,1
14/12/2013;24,5;95;5
15/12/2013;26,6;84;20
16/12/2013;26,3;84;8,2
17/12/2013;26,2;84;17,2
18/12/2013;26,4;85;0
19/12/2013;25,9;86;4,1
20/12/2013;25,9;80;9,5
21/12/2013;25,6;82;3,7
22/12/2013;23,3;95;3
23/12/2013;24,3;88;52,2
24/12/2013;25,8;83;3,2
25/12/2013;24,4;90;0
26/12/2013;25,4;89;6,4
27/12/2013;25,4;88;5,6
28/12/2013;26;81;1
29/12/2013;25;83;0
30/12/2013;25;89;0
31/12/2013;24,4;92;10
01/01/2014;25,3;89;10
02/01/2014;25,8;86;0,3
03/01/2014;25,6;86;0,9
04/01/2014;25,6;87;0
05/01/2014;26,4;79;3,2
06/01/2014;25,7;82;3,3
07/01/2014;25,6;84;0
08/01/2014;23,5;95;1,8
09/01/2014;26,1;79;36,8
10/01/2014;26,6;79;0
11/01/2014;24,9;86;9,2
12/01/2014;23,6;96;84,6
13/01/2014;24,5;93;102,2
14/01/2014;25,4;88;10
15/01/2014;24;92;11,2
16/01/2014;23,8;94;29,6
17/01/2014;23,4;96;12
18/01/2014;24,2;93;103,3
19/01/2014;23,5;94;42,8
20/01/2014;24;94;13,4
21/01/2014;22,8;96;47,1
22/01/2014;23,9;92;44,8
23/01/2014;22,7;96;19,5
24/01/2014;24,6;89;6,5
25/01/2014;25;86;16,8
26/01/2014;25;86;0
27/01/2014;24,3;90;0,8
28/01/2014;24,6;93;22,6
29/01/2014;24,3;90;26
30/01/2014;24,6;90;37,9
31/01/2014;24,6;93;5,4
01/02/2014;25,4;89;4,5
02/02/2014;23,6;95;5,6
03/02/2014;23,6;96;29,6
04/02/2014;24,8;92;41,5
05/02/2014;24,5;94;8,4
06/02/2014;25,5;91;22,3
07/02/2014;25,9;84;1,4
08/02/2014;25,3;90;0,1
09/02/2014;25,6;87;27,4
10/02/2014;24,9;92;15,6
11/02/2014;26,3;84;4,5
12/02/2014;26,6;87;0
13/02/2014;27;81;0
14/02/2014;26,3;84;0
15/02/2014;24,8;86;1,2
16/02/2014;25;85;0
17/02/2014;25,7;84;2,5
18/02/2014;25,6;88;0,3
19/02/2014;25,9;84;0
20/02/2014;26,3;80;0
21/02/2014;24,3;94;13,5
22/02/2014;23,2;97;29
23/02/2014;24,3;91;41
24/02/2014;22,9;95;19,1
25/02/2014;24,8;91;29,1
26/02/2014;23,5;96;35,2
27/02/2014;24,5;90;4,1
28/02/2014;25;85;1,5
01/03/2014;25;89;9,7
02/03/2014;26,3;84;30,4
03/03/2014;26,6;82;0,6
04/03/2014;26,7;80;1,9
05/03/2014;25,1;88;0
06/03/2014;25;85;10,4
07/03/2014;25,6;90;2,6
08/03/2014;25,9;87;56,4
09/03/2014;26;88;1,2
10/03/2014;25,1;90;0,1
11/03/2014;25,2;90;2,1
12/03/2014;24,5;88;0
13/03/2014;25,1;86;0
14/03/2014;25,9;88;1,9
15/03/2014;26,2;82;0
16/03/2014;25,1;90;0
17/03/2014;24,6;94;23,2
18/03/2014;25,3;88;21,8
19/03/2014;25,5;87;7,8
20/03/2014;25,2;88;18,9
21/03/2014;25,2;86;23,4
22/03/2014;26;85;2,7
23/03/2014;24,8;92;0
24/03/2014;25,1;89;6,5
25/03/2014;26;88;3,3
26/03/2014;25,8;87;0
27/03/2014;25,7;86;0
28/03/2014;25,4;88;24,6
29/03/2014;25,9;83;24,4
30/03/2014;26,3;85;7,5
31/03/2014;26,3;84;0
01/04/2014;26,1;87;6,3
02/04/2014;25,7;88;13
03/04/2014;26,5;84;3,8
04/04/2014;26,4;84;0,3
05/04/2014;25,9;87;0,6
06/04/2014;25,9;86;169,1
07/04/2014;25,4;86;6,7
08/04/2014;27,4;80;0
09/04/2014;25,9;84;0
10/04/2014;25,6;84;1,5
11/04/2014;26,1;83;1,4
12/04/2014;26,8;81;1,6
13/04/2014;25,9;83;0
14/04/2014;25,2;88;1,3
15/04/2014;26,6;81;6,6
16/04/2014;25,9;84;0
17/04/2014;26;85;10,6
18/04/2014;25,7;86;61,7
19/04/2014;26,4;88;52,1
20/04/2014;25,6;84;11,4
21/04/2014;26,5;87;0,7
22/04/2014;25,8;86;4,5
23/04/2014;25,7;86;30
24/04/2014;28,1;78;1,5
25/04/2014;27,8;79;0
26/04/2014;26,8;85;1
27/04/2014;25,9;88;31,7
28/04/2014;26,6;83;35,3
29/04/2014;25,9;88;7,8
30/04/2014;25,8;87;50,4
01/05/2014;25,9;87;3,6
02/05/2014;26,4;84;3
03/05/2014;26,3;86;4,2
04/05/2014;26,7;85;1,4
05/05/2014;27,1;81;0
06/05/2014;27;82;0
07/05/2014;26;85;0
08/05/2014;26,7;88;42,1
09/05/2014;26,3;86;29
10/05/2014;26,5;88;41,4
11/05/2014;27,1;87;2
12/05/2014;26,3;86;1,6
13/05/2014;26,5;84;9,3
14/05/2014;26,5;86;15,6
15/05/2014;26;85;11
16/05/2014;25,9;84;0,3
17/05/2014;24,8;92;28,6
18/05/2014;25,2;87;15,8
19/05/2014;25,9;86;9,6
20/05/2014;26,2;85;19,5
21/05/2014;26,3;85;0
22/05/2014;26,3;87;8,4
23/05/2014;25,6;84;11,7
24/05/2014;26,1;82;0
25/05/2014;26,6;81;0
26/05/2014;25,8;89;0,3
27/05/2014;26,7;83;1
28/05/2014;26,6;90;29,3
29/05/2014;27;81;7,5
30/05/2014;25,6;84;0
31/05/2014;25,8;86;0,2
01/06/2014;27,1;76;0
02/06/2014;26,8;81;0
03/06/2014;26,9;77;0
04/06/2014;27,1;79;0
05/06/2014;25,9;90;0
06/06/2014;26,9;83;6,7
07/06/2014;27,4;79;0
08/06/2014;27,1;78;0
09/06/2014;27,1;79;0
10/06/2014;26,4;86;0
11/06/2014;27,2;83;26,1
12/06/2014;27,3;84;0
13/06/2014;26,9;87;2,8
14/06/2014;26;85;13
15/06/2014;25,3;89;2,6
16/06/2014;26,3;83;5,1
17/06/2014;27,1;86;0
18/06/2014;26,5;80;0
19/06/2014;25,8;86;4,1
20/06/2014;26,7;81;0
21/06/2014;26,5;83;0,1
22/06/2014;26,6;81;0
23/06/2014;25,5;86;0
24/06/2014;27;81;0
25/06/2014;26,3;85;0
26/06/2014;25,5;85;0,2
27/06/2014;24,9;90;0
28/06/2014;25,3;88;24
29/06/2014;26,6;82;0
30/06/2014;26,3;78;0
01/07/2014;26,4;71;0,2
02/07/2014;25,6;83;0
03/07/2014;25,4;81;0
04/07/2014;26,4;81;0
05/07/2014;26,8;85;50,8
06/07/2014;25,8;88;24,7
07/07/2014;25,6;84;4
08/07/2014;25,6;90;0
09/07/2014;27,2;78;6,7
10/07/2014;25,9;86;116,7
11/07/2014;26;83;0,7
12/07/2014;25,9;84;0
13/07/2014;23,8;95;0
14/07/2014;25,9;70;8,8
15/07/2014;25,9;75;0
16/07/2014;25,6;84;5,6
17/07/2014;25,6;84;0
18/07/2014;25,8;83;1,2
19/07/2014;25,6;80;0,5
20/07/2014;26,4;84;0
21/07/2014;26,2;82;23,2
22/07/2014;26,2;84;6
23/07/2014;25,7;86;0,5
24/07/2014;25;83;0
25/07/2014;24,9;86;0
26/07/2014;25;87;29,2
27/07/2014;25;90;4,9
28/07/2014;25,5;84;0
29/07/2014;25,7;82;65,1
30/07/2014;26,2;80;0
31/07/2014;26,1;80;0,2
01/08/2014;26,1;78;2,3
02/08/2014;25,4;79;0
03/08/2014;26,3;82;1,5
04/08/2014;25,4;85;0
05/08/2014;25,8;78;35
06/08/2014;26,3;76;0
07/08/2014;26,1;78;0
08/08/2014;25,1;82;0
09/08/2014;26,3;78;0
10/08/2014;25,9;80;0
11/08/2014;24,7;88;0
12/08/2014;24,7;86;5,2
13/08/2014;25,7;78;16,1
14/08/2014;26,1;81;0
15/08/2014;25,7;82;85,8
16/08/2014;25,4;81;100,4
17/08/2014;25,7;76;0
18/08/2014;25,6;74;0
19/08/2014;25,6;77;0
20/08/2014;25,9;77;0
21/08/2014;26,3;80;0
22/08/2014;26,2;80;5,2
23/08/2014;26,7;79;0
24/08/2014;25,3;84;0
25/08/2014;26;81;147,3
26/08/2014;24,9;84;38,1
27/08/2014;25,6;78;5,1
28/08/2014;26,1;76;0
29/08/2014;24,4;88;62,5
30/08/2014;25,5;82;33,9
31/08/2014;25,8;82;0
01/09/2014;26,4;79;1,4
02/09/2014;26,8;81;0
03/09/2014;27,1;78;0
04/09/2014;26,5;78;0
05/09/2014;25,7;77;0
06/09/2014;25,8;75;0
07/09/2014;26,3;79;5
08/09/2014;26,2;78;0
09/09/2014;26,3;75;0
10/09/2014;25,9;78;0
11/09/2014;26,5;71;0
12/09/2014;26,2;68;0
13/09/2014;26,2;71;0
14/09/2014;27;68;0
15/09/2014;25,6;72;0
16/09/2014;26,3;66;0
17/09/2014;26,1;68;0
18/09/2014;26,1;74;0
19/09/2014;27;71;0
20/09/2014;25,9;80;0
21/09/2014;24,8;81;5,7
22/09/2014;27;63;4
23/09/2014;25,9;66;0
24/09/2014;27,4;61;0
25/09/2014;26;69;0
26/09/2014;26,7;64;0
27/09/2014;25,7;63;0
28/09/2014;26,2;74;0
29/09/2014;26,9;74;0
30/09/2014;26,1;77;5,7
01/10/2014;27,3;72;0
02/10/2014;27,3;75;0,2
03/10/2014;26,8;76;0
04/10/2014;27,2;68;4,7
05/10/2014;26,8;72;0
06/10/2014;26,5;74;0
07/10/2014;26,1;77;0,1
08/10/2014;26,2;78;0
09/10/2014;27,4;67;11,4
10/10/2014;27,7;59;0
11/10/2014;26,5;62;0
12/10/2014;26,3;67;0
13/10/2014;25,6;80;0
14/10/2014;27;82;17,2
15/10/2014;26,2;82;0,7
16/10/2014;27,5;78;1,2
17/10/2014;27,1;74;0
18/10/2014;27,6;73;0
19/10/2014;27,1;74;0
20/10/2014;27,3;69;0
21/10/2014;27,7;68;0
22/10/2014;27,1;74;0
23/10/2014;26,3;76;0
24/10/2014;27,5;70;7,5
25/10/2014;26,2;77;0
26/10/2014;25,7;84;26,7
27/10/2014;27,1;79;93,7
28/10/2014;26,1;82;0
29/10/2014;26,9;82;12,4
30/10/2014;26,9;80;4,5
31/10/2014;26,6;80;0
01/11/2014;27,4;83;153
02/11/2014;27;83;26,5
03/11/2014;27,9;74;26,6
04/11/2014;27,3;75;0
05/11/2014;27,2;78;92,3
06/11/2014;26,7;77;0
07/11/2014;26,5;81;0
08/11/2014;26,6;81;0
09/11/2014;26,4;84;1,3
10/11/2014;26;85;42
11/11/2014;24,3;90;15,5
12/11/2014;25,4;82;0,7
13/11/2014;25,4;86;44,3
14/11/2014;26;86;28,2
15/11/2014;26,8;81;0
16/11/2014;26,2;86;0,5
17/11/2014;25,1;85;15,5
18/11/2014;26,1;82;1,3
19/11/2014;25,7;86;0,1
20/11/2014;25,9;87;77,8
21/11/2014;26,1;89;0,5
22/11/2014;26,9;84;45
23/11/2014;26,8;84;0
24/11/2014;25,5;89;0
25/11/2014;25,7;86;21,3
26/11/2014;26,3;85;16,7
27/11/2014;26,9;82;3,1
28/11/2014;27,1;81;40,4
29/11/2014;25,9;85;0,1
30/11/2014;26,8;74;20,5
01/12/2014;27,5;74;0
02/12/2014;26,2;78;0
03/12/2014;25,1;88;0
04/12/2014;25,6;86;1
05/12/2014;25,6;87;0,1
06/12/2014;25,2;89;2,6
07/12/2014;25,4;82;5,4
08/12/2014;27;78;0
09/12/2014;26,4;80;0
10/12/2014;26,8;76;0
11/12/2014;27,1;76;8888
12/12/2014;25,3;86;3
13/12/2014;25,8;87;0,3
14/12/2014;26,6;78;0
15/12/2014;26,5;82;0
16/12/2014;27,8;77;0
17/12/2014;27,6;78;0
18/12/2014;27;82;1,3
19/12/2014;26,9;82;21
20/12/2014;26,5;84;7,4
21/12/2014;27;81;0,2
22/12/2014;25,8;88;1,4
23/12/2014;26,6;82;46,7
24/12/2014;26,7;81;0,2
25/12/2014;26,1;86;4
26/12/2014;26,1;87;14,4
27/12/2014;25;93;74,6
28/12/2014;26,2;78;12,8
29/12/2014;26,6;81;3,1
30/12/2014;27,1;77;0
31/12/2014;24,4;91;0,5
01/01/2015;24,1;94;20,8
02/01/2015;9999;9999;5,1
03/01/2015;24,7;91;1,8
04/01/2015;24,7;88;23,7
05/01/2015;26;86;21,1
06/01/2015;9999;9999;0,4
07/01/2015;26,1;80;0,9
08/01/2015;26,3;82;9999
09/01/2015;27,2;76;9999
10/01/2015;26,7;78;9999
12/01/2015;24;93;8888
13/01/2015;25,5;88;10,1
14/01/2015;26,1;86;10,3
15/01/2015;25,9;83;0,4
16/01/2015;25,2;87;7,5
17/01/2015;9999;9999;7,9
18/01/2015;25,3;88;3,8
19/01/2015;24,1;93;0,4
20/01/2015;24,3;90;23,6
21/01/2015;9999;9999;6,7
22/01/2015;24,7;93;13,8
23/01/2015;24,5;91;15,3
24/01/2015;25,2;87;1,1
25/01/2015;24,5;93;4
27/01/2015;25;92;1
28/01/2015;9999;9999;0,3
29/01/2015;9999;9999;9,8
31/01/2015;24,5;93;8
01/02/2015;23,3;97;17,8
02/02/2015;25,4;87;47,7
03/02/2015;25,3;90;3,8
04/02/2015;25,3;89;9999
05/02/2015;25,4;88;43,2
06/02/2015;24,3;92;21
07/02/2015;25,4;89;27,8
08/02/2015;24;93;1,7
09/02/2015;22,9;99;16,9
10/02/2015;24,5;92;88,8
11/02/2015;23,7;91;1
12/02/2015;24,4;90;0
13/02/2015;23,7;94;9999
14/02/2015;26;85;14,1
15/02/2015;24,8;90;9999
16/02/2015;25,2;90;1,1
17/02/2015;25,1;92;1,4
18/02/2015;24,6;91;1
19/02/2015;23,7;94;39,5
20/02/2015;25,1;88;1,1
21/02/2015;26,4;75;0
22/02/2015;25,5;75;9999
23/02/2015;24,7;84;9999
24/02/2015;26,4;81;0
25/02/2015;26,7;82;9999
26/02/2015;26,5;80;9999
27/02/2015;26,3;86;9999
28/02/2015;25,6;88;18,7
01/03/2015;25,2;89;3,2
02/03/2015;25,6;83;9999
03/03/2015;26,1;83;0,4
04/03/2015;25;82;2,6
05/03/2015;25,2;83;0
06/03/2015;26,5;76;9999
07/03/2015;25,7;84;2,4
08/03/2015;25,6;82;9999
09/03/2015;25,7;83;2,6
10/03/2015;25,8;81;6,7
11/03/2015;24;95;9999
12/03/2015;24,7;92;23,4
13/03/2015;25,9;88;5,8
14/03/2015;25,2;88;9999
15/03/2015;24,7;92;32,7
16/03/2015;25,4;88;14,6
17/03/2015;26;84;8,4
18/03/2015;25,9;84;9999
19/03/2015;26,4;84;9999
20/03/2015;26;86;23,2
22/03/2015;24,9;87;62,6
24/03/2015;25,9;89;26,5
25/03/2015;24,3;93;19
26/03/2015;25;91;0,2
27/03/2015;26,4;86;1,6
28/03/2015;25,7;85;42
29/03/2015;27,2;80;9999
30/03/2015;27,2;83;9999
31/03/2015;25,9;88;7
01/04/2015;26,6;90;48
02/04/2015;25,7;90;0,2
03/04/2015;9999;9999;19,5
04/04/2015;25,5;89;0,2
05/04/2015;9999;9999;1,4
06/04/2015;26,1;85;9,2
07/04/2015;25,3;90;10,6
08/04/2015;25,7;88;23,6
09/04/2015;26,2;86;3,4
10/04/2015;26,8;83;13,7
11/04/2015;27,4;82;8888
12/04/2015;26,5;83;9999
13/04/2015;25,5;87;9999
15/04/2015;9999;9999;1,5
17/04/2015;9999;9999;16,3
18/04/2015;25,8;91;8888
19/04/2015;25,6;85;9999
21/04/2015;26,2;83;9999
22/04/2015;26,3;84;0,4
25/04/2015;9999;9999;36,6
26/04/2015;9999;9999;4,8
27/04/2015;9999;9999;9999
28/04/2015;26,2;84;4,5
29/04/2015;9999;9999;9999
30/04/2015;26,9;81;9999
01/05/2015;25,8;85;9999
02/05/2015;26,7;82;9999
03/05/2015;25,5;88;0,3
04/05/2015;25,3;87;26,4
05/05/2015;25,3;86;0,3
06/05/2015;26,3;82;1
07/05/2015;26,9;86;11
08/05/2015;27,3;78;0,3
09/05/2015;26,1;83;9999
10/05/2015;26,8;82;5,6
11/05/2015;26,1;80;9999
12/05/2015;26,8;76;9999
13/05/2015;26,6;82;9999
14/05/2015;25,6;89;51,4
15/05/2015;25,7;91;14,4
17/05/2015;27,3;82;49,4
18/05/2015;26,8;81;0,2
19/05/2015;27,7;82;9999
20/05/2015;9999;9999;4,6
21/05/2015;26,6;78;9999
22/05/2015;26,1;80;9999
23/05/2015;26,2;75;9999
24/05/2015;25,7;78;9999
25/05/2015;25,7;81;9999
26/05/2015;25,6;87;9999
27/05/2015;25,7;85;35,4
28/05/2015;26,2;82;9999
29/05/2015;9999;9999;9999
30/05/2015;27,1;79;8888
01/06/2015;9999;9999;9999
02/06/2015;26,1;85;0,2
03/06/2015;25,8;87;63,1
04/06/2015;9999;9999;8,2
05/06/2015;26,7;81;9999
06/06/2015;27;78;9999
07/06/2015;26,8;83;8888
08/06/2015;27,5;80;9999
10/06/2015;25,2;88;8,4
11/06/2015;26,1;86;4,8
12/06/2015;26,4;83;9999
13/06/2015;26,4;79;2,1
14/06/2015;26,3;79;9999
15/06/2015;26,3;79;3
16/06/2015;25,6;78;9999
17/06/2015;9999;9999;9999
18/06/2015;26;78;9999
19/06/2015;9999;9999;9999
20/06/2015;9999;9999;9999
21/06/2015;27;77;9999
22/06/2015;9999;9999;9999
23/06/2015;26,2;80;9999
24/06/2015;25,8;77;0,4
25/06/2015;25,6;75;9999
27/06/2015;26,2;73;9999
28/06/2015;9999;9999;9999
29/06/2015;27;75;9999
30/06/2015;9999;9999;9999
02/07/2015;25;73;9999
03/07/2015;25,5;70;9999
04/07/2015;25,3;72;9999
05/07/2015;25,5;76;9999
06/07/2015;25,5;73;9999
07/07/2015;27;72;9999
08/07/2015;9999;9999;9999
09/07/2015;9999;9999;0,2
10/07/2015;26,6;74;9999
11/07/2015;26,3;76;8888
12/07/2015;26,4;79;9999
13/07/2015;26,7;76;9999
14/07/2015;27,3;71;9999
15/07/2015;26,5;75;9999
16/07/2015;26;76;9999
17/07/2015;27,1;72;9999
19/07/2015;26;71;9999
20/07/2015;26,5;74;9999
21/07/2015;26,8;76;9999
22/07/2015;25,4;81;9999
23/07/2015;26,9;77;9999
24/07/2015;26,6;75;9999
25/07/2015;25,2;80;9999
26/07/2015;26,4;78;9999
27/07/2015;26,5;77;0,8
28/07/2015;9999;9999;9999
29/07/2015;26,4;76;0,6
30/07/2015;9999;9999;9999
31/07/2015;24,4;86;9999
01/08/2015;25,3;88;94,6
02/08/2015;25,7;82;9999
03/08/2015;24,6;72;9999
04/08/2015;23,6;75;9999
05/08/2015;24,8;73;9999
06/08/2015;25;77;9999
07/08/2015;25,7;78;9999
08/08/2015;25,7;78;8888
09/08/2015;25,9;78;9999
10/08/2015;26,8;76;9999
11/08/2015;27;78;9999
12/08/2015;26,4;80;9999
13/08/2015;26,4;80;0,1
14/08/2015;27,4;79;9999
15/08/2015;26,4;81;9999
16/08/2015;26,7;79;9999
17/08/2015;27,5;73;9999
18/08/2015;27,1;74;9999
19/08/2015;26,6;81;9999
20/08/2015;26,5;76;1
21/08/2015;25,7;67;9999
22/08/2015;25,9;73;9999
23/08/2015;26;70;9999
24/08/2015;26,2;72;9999
25/08/2015;26,5;75;9999
26/08/2015;27;74;9999
27/08/2015;27,3;69;9999
28/08/2015;26,8;75;9999
29/08/2015;26,8;76;9999
30/08/2015;27,2;71;9999
31/08/2015;27;71;9999
01/09/2015;26,8;66;9999
02/09/2015;26;66;9999
03/09/2015;25,2;68;9999
04/09/2015;25,8;73;9999
05/09/2015;26,3;73;9999
06/09/2015;25,7;70;9999
07/09/2015;26,3;68;9999
08/09/2015;9999;9999;9999
09/09/2015;26,6;74;3,2
10/09/2015;25,7;75;9999
11/09/2015;26,3;70;8888
12/09/2015;27,1;70;9999
13/09/2015;26,9;74;9999
14/09/2015;26,7;78;9999
15/09/2015;25,6;70;9999
16/09/2015;26;70;9999
17/09/2015;26,5;73;9999
18/09/2015;27,9;67;9999
19/09/2015;26,1;71;9999
20/09/2015;26,5;70;9999
21/09/2015;25,2;78;9999
22/09/2015;26,9;69;16
23/09/2015;26,5;65;9999
24/09/2015;26;69;9999
25/09/2015;26,2;74;9999
26/09/2015;26,5;70;2,4
27/09/2015;25,6;79;9999
28/09/2015;25,3;81;4,2
29/09/2015;26;75;54
30/09/2015;26,9;71;9999
01/10/2015;26,8;70;9999
02/10/2015;26,1;76;9999
03/10/2015;27,6;67;9999
04/10/2015;27;68;9999
05/10/2015;27,1;71;9999
06/10/2015;26,6;72;9999
07/10/2015;25,7;82;9999
08/10/2015;25,5;84;30,5
09/10/2015;25,6;83;1,4
10/10/2015;26,5;75;4
11/10/2015;26,6;75;9999
12/10/2015;27;75;9999
13/10/2015;25,2;82;9999
14/10/2015;25,9;83;9999
15/10/2015;26,2;74;5,2
16/10/2015;28;73;9999
17/10/2015;27,6;62;9999
18/10/2015;27,1;71;9999
19/10/2015;26,8;74;9999
20/10/2015;26,9;70;9999
21/10/2015;27,5;68;9999
22/10/2015;27,7;65;9999
23/10/2015;26,2;75;9999
24/10/2015;27,2;71;9999
25/10/2015;27,6;73;9999
26/10/2015;28;69;9999
27/10/2015;26,9;75;9999
28/10/2015;28,1;68;9999
29/10/2015;27,9;74;9999
30/10/2015;26;82;0,1
31/10/2015;26;82;63,5
01/11/2015;26,3;83;11,8
02/11/2015;26,7;82;24,6
03/11/2015;26,2;86;24,4
04/11/2015;26;86;5,5
05/11/2015;27,4;80;16,8
06/11/2015;27;79;1,3
07/11/2015;25,2;89;9999
08/11/2015;25,8;85;23,6
09/11/2015;26,3;85;155,8
10/11/2015;26,5;84;21,2
11/11/2015;26,3;82;9999
12/11/2015;26,4;84;47,2
13/11/2015;26,1;83;47,4
14/11/2015;27,9;78;51,2
15/11/2015;26,7;81;9999
16/11/2015;26,5;84;50,5
17/11/2015;26,9;82;62,4
18/11/2015;27,6;75;8888
19/11/2015;26,8;81;3,9
20/11/2015;26,9;79;9999
21/11/2015;26,2;87;3,4
22/11/2015;26,8;83;37,6
23/11/2015;26,9;80;36,7
24/11/2015;26,2;83;9999
25/11/2015;26,6;82;72,6
26/11/2015;26,5;82;89,4
27/11/2015;27;81;9,6
28/11/2015;26,1;85;9999
29/11/2015;25,9;87;26,4
30/11/2015;26,1;87;15,4
01/12/2015;26,8;82;67,8
02/12/2015;27,5;79;4,5
03/12/2015;26,6;83;9999
04/12/2015;26,1;85;14,5
05/12/2015;26,2;85;22,6
06/12/2015;26,1;86;20,3
07/12/2015;26,5;88;81,5
08/12/2015;26,1;88;9,5
09/12/2015;26;85;3,2
10/12/2015;26,5;83;70,8
11/12/2015;26,1;88;15,9
12/12/2015;25,3;89;69,7
13/12/2015;26,4;86;7,8
14/12/2015;25,9;85;0,8
15/12/2015;25,3;89;0,1
16/12/2015;24,8;90;4,7
17/12/2015;23,9;89;12,4
18/12/2015;25,7;86;4,9
19/12/2015;25,4;89;5,7
20/12/2015;25,4;89;12,2
21/12/2015;24,9;88;28,1
22/12/2015;26,4;81;6,1
23/12/2015;25,8;84;9999
24/12/2015;25,9;78;6,3
25/12/2015;26,5;80;9999
26/12/2015;27,9;81;9999
27/12/2015;27,6;84;7
28/12/2015;26,1;88;48
29/12/2015;27,2;85;21,6
30/12/2015;26,1;87;33
31/12/2015;26,8;87;0,7
01/01/2016;26,5;86;0,4
02/01/2016;25,5;91;33,4
03/01/2016;25,9;85;103,8
04/01/2016;26,9;87;6,5
05/01/2016;25,7;92;0,9
06/01/2016;25,7;86;0,2
07/01/2016;27,8;79;40,1
08/01/2016;28,1;80;9999
09/01/2016;26,7;84;9999
10/01/2016;26,7;85;41,8
11/01/2016;27,3;82;9999
12/01/2016;25,6;92;2,5
13/01/2016;25,9;89;25,1
14/01/2016;26,9;84;0,8
15/01/2016;27,4;83;4,4
16/01/2016;27,8;79;4
17/01/2016;26,9;84;9999
18/01/2016;26;86;9999
19/01/2016;26,1;87;34,2
20/01/2016;25,6;91;64,8
21/01/2016;26;90;6,9
22/01/2016;26,9;85;8888
23/01/2016;25,6;87;2,6
24/01/2016;26,1;91;2,4
25/01/2016;25,1;92;16,1
26/01/2016;27,1;83;2,8
27/01/2016;27;85;9999
28/01/2016;26,3;87;8888
29/01/2016;27,1;84;48
30/01/2016;26,6;88;18
31/01/2016;23,9;93;2,6
01/02/2016;25,8;90;30,7
02/02/2016;25,4;93;2,9
03/02/2016;25,3;87;33,5
04/02/2016;25,9;87;14,6
05/02/2016;27,1;87;3,6
06/02/2016;26,9;87;14,7
07/02/2016;26,6;88;1,9
08/02/2016;24,3;95;1,1
09/02/2016;25,9;90;47,7
10/02/2016;24,8;93;8,1
11/02/2016;25,8;85;18,7
12/02/2016;25,2;92;2,4
13/02/2016;26,5;87;12,4
14/02/2016;24,3;95;0,7
15/02/2016;25,8;89;39
16/02/2016;25,5;89;19,1
17/02/2016;25,7;87;26
18/02/2016;25,7;88;4,4
19/02/2016;26;86;71,8
20/02/2016;26,4;88;9999
21/02/2016;26;89;9999
22/02/2016;25,9;88;9999
23/02/2016;26,4;86;0,2
24/02/2016;25,4;91;6,1
25/02/2016;25,6;89;12,2
26/02/2016;25,7;86;15,7
27/02/2016;25,9;80;14
28/02/2016;25,2;92;105,7
01/03/2016;25,8;90;29,1
02/03/2016;25,4;92;7,9
03/03/2016;27;85;1,6
04/03/2016;26,2;88;0
05/03/2016;26,2;90;4,1
06/03/2016;26;88;1,3
07/03/2016;27,1;82;24,4
08/03/2016;26,4;89;9999
09/03/2016;26,1;87;64,1
10/03/2016;27;86;9
11/03/2016;25,9;92;36,5
12/03/2016;25,9;86;21,9
13/03/2016;25,9;90;3,2
14/03/2016;26,4;89;73,3
15/03/2016;26,2;86;52,1
16/03/2016;26,5;85;10,3
17/03/2016;26,6;82;9999
18/03/2016;27,1;85;1
19/03/2016;26,8;87;9999
20/03/2016;27,5;85;9999
21/03/2016;26,6;91;6
22/03/2016;26;88;0,8
23/03/2016;26,4;84;15,6
24/03/2016;26,7;81;4,5
25/03/2016;26,6;90;12,7
26/03/2016;27;85;43,2
27/03/2016;26,9;81;9999
28/03/2016;27,3;82;0,3
29/03/2016;26,7;85;26,4
30/03/2016;26;86;0,7
31/03/2016;26,5;87;8888
01/04/2016;26,1;85;3,2
02/04/2016;25,8;89;20,3
03/04/2016;26;83;62,4
04/04/2016;27;84;15,8
05/04/2016;27,2;87;8,3
06/04/2016;26,4;86;3,4
07/04/2016;26,8;84;62,4
08/04/2016;26,6;88;9999
09/04/2016;26,9;85;1,9
10/04/2016;27,3;83;2,9
11/04/2016;26,9;84;0,6
12/04/2016;27,3;85;4
13/04/2016;27,3;84;9999
14/04/2016;27;85;0,5
15/04/2016;26,6;87;22,7
16/04/2016;28;80;0,9
17/04/2016;26,8;87;9999
18/04/2016;26;86;41,5
19/04/2016;27,3;86;30,9
20/04/2016;26,6;89;21,2
21/04/2016;25,8;88;108,6
22/04/2016;27,5;82;31,9
23/04/2016;27,9;81;9999
24/04/2016;27,4;82;11,9
25/04/2016;26,6;86;1
26/04/2016;25,1;91;73,7
27/04/2016;26,2;86;3,8
28/04/2016;27,2;82;5,9
29/04/2016;26,3;91;8,9
30/04/2016;25,5;90;9,6
01/05/2016;26,8;84;53,5
02/05/2016;26,7;85;9999
03/05/2016;26,9;84;32,3
04/05/2016;27,8;82;9999
05/05/2016;26,9;85;9999
06/05/2016;26,9;84;9999
07/05/2016;27,2;84;9999
08/05/2016;27,2;83;8888
09/05/2016;26,6;83;0
10/05/2016;27,3;81;2,8
11/05/2016;27,6;81;8888
12/05/2016;26,9;84;0,4
13/05/2016;27,7;81;36,4
14/05/2016;27,3;85;15,3
15/05/2016;28,3;81;8888
16/05/2016;27,7;85;24
17/05/2016;27,3;85;9999
18/05/2016;27,5;84;3,2
19/05/2016;27,1;85;9999
20/05/2016;28;83;37
21/05/2016;27,1;88;2,8
22/05/2016;26,5;86;32,9
23/05/2016;27,4;84;0,5
24/05/2016;27;86;0
25/05/2016;26,7;82;67,2
26/05/2016;26,4;86;1,7
27/05/2016;26,2;88;12
28/05/2016;27,8;81;9999
29/05/2016;25,9;85;9999
30/05/2016;25,9;87;9999
31/05/2016;27,2;86;7,7
01/06/2016;26,9;87;9999
02/06/2016;27,3;84;9999
03/06/2016;26,6;83;17,2
04/06/2016;26,2;85;9999
05/06/2016;27;86;2,3
06/06/2016;25,1;89;9999
07/06/2016;25,7;86;13,1
08/06/2016;25,5;87;81,7
09/06/2016;26,7;88;30,9
10/06/2016;26,4;87;4
11/06/2016;26,5;84;30,7
12/06/2016;26,3;86;9999
13/06/2016;26,4;89;11,3
14/06/2016;25,4;87;9999
15/06/2016;25,9;85;66,2
16/06/2016;27;80;9999
17/06/2016;26,6;84;9999
18/06/2016;24,3;94;36,6
19/06/2016;26;81;8,5
20/06/2016;26,4;84;9999
21/06/2016;26,7;81;9999
22/06/2016;26,5;88;15,1
23/06/2016;26,3;85;1
24/06/2016;26,8;81;7,8
25/06/2016;25,3;81;9999
26/06/2016;25,5;85;4,3
27/06/2016;25,7;83;5,4
28/06/2016;26,1;82;9999
29/06/2016;25,9;85;9999
30/06/2016;25,8;88;37
01/07/2016;26,6;82;3,3
02/07/2016;27,1;78;9999
03/07/2016;26;88;0,5
04/07/2016;26,2;83;63,3
05/07/2016;25,9;87;0,5
06/07/2016;26,8;83;18,2
07/07/2016;26,1;83;9999
08/07/2016;26,7;83;3,5
09/07/2016;26,7;83;19,2
10/07/2016;25,9;86;9999
11/07/2016;26,6;82;9999
12/07/2016;26,5;84;35,1
13/07/2016;26,5;83;8888
14/07/2016;26,7;83;9999
15/07/2016;27,2;81;9999
16/07/2016;26,3;86;9999
17/07/2016;25,9;89;19,6
18/07/2016;25,3;87;29,5
19/07/2016;25,5;89;1,2
20/07/2016;25,2;88;3,5
21/07/2016;25,6;81;19,7
22/07/2016;24,9;91;23,5
23/07/2016;24,9;84;2,1
24/07/2016;25,3;86;8888
25/07/2016;26;87;14,6
26/07/2016;25,7;79;9999
27/07/2016;26,6;78;19,6
28/07/2016;25,9;80;9999
29/07/2016;26,1;85;9999
30/07/2016;26,5;84;8,1
31/07/2016;26,5;77;7,5
01/08/2016;26,3;83;9999
02/08/2016;25,8;78;9,6
03/08/2016;25,9;71;8888
04/08/2016;25,6;77;9999
05/08/2016;25,8;79;9999
06/08/2016;26,1;77;9999
07/08/2016;26,3;81;9999
08/08/2016;25,7;90;66,7
09/08/2016;25,6;87;42,5
10/08/2016;26,3;80;28,6
11/08/2016;26,2;85;28,4
12/08/2016;26,6;82;7,9
13/08/2016;25,9;87;15,1
14/08/2016;25,6;88;2,9
15/08/2016;26,5;86;28,1
16/08/2016;25,9;84;9999
17/08/2016;26,8;79;9999
18/08/2016;26,5;86;11
19/08/2016;26,1;84;8888
20/08/2016;26,3;79;13,5
21/08/2016;25,6;86;15,7
22/08/2016;26,3;82;19,4
23/08/2016;26,4;83;5,7
24/08/2016;26,4;84;12
25/08/2016;25,4;82;9999
26/08/2016;26,2;83;8888
27/08/2016;25,5;87;8888
28/08/2016;26,9;83;3,8
29/08/2016;27;83;9999
30/08/2016;25,5;89;9999
31/08/2016;25,7;85;4,7
01/09/2016;25,8;85;1,6
02/09/2016;25,9;86;35,5
03/09/2016;25,9;84;7,9
04/09/2016;26,4;82;31,8
05/09/2016;26,8;82;28,4
06/09/2016;27,3;79;9999
07/09/2016;25,5;86;33,2
08/09/2016;24,5;92;14,3
09/09/2016;26,9;81;96,3
10/09/2016;25,9;84;9999
11/09/2016;25,9;84;39,7
12/09/2016;26,3;83;5,8
13/09/2016;26,5;81;0,9
14/09/2016;26,4;81;8888
15/09/2016;26,3;84;6,1
16/09/2016;26,2;82;8888
17/09/2016;26,5;86;45,6
18/09/2016;27,3;83;13,6
19/09/2016;26,7;85;0,7
20/09/2016;27;83;14,8
21/09/2016;25,3;90;0,5
22/09/2016;27;84;3,9
23/09/2016;26,1;85;9999
24/09/2016;25,8;88;2,6
25/09/2016;26,9;81;4,7
26/09/2016;27,3;77;9999
27/09/2016;26,6;83;9999
28/09/2016;26,1;85;9,9
29/09/2016;25,9;87;20
30/09/2016;24,9;91;20,4
01/10/2016;26,6;83;8888
02/10/2016;25,8;88;8888
03/10/2016;26,6;82;0,4
04/10/2016;25,3;89;0,2
05/10/2016;25;90;2
06/10/2016;26,5;83;33,3
07/10/2016;25,7;87;0,3
08/10/2016;25,7;89;73,3
09/10/2016;25,7;87;2
10/10/2016;24,9;90;9,3
11/10/2016;25,6;90;31,9
12/10/2016;25,5;94;4,5
13/10/2016;25,7;89;21,8
14/10/2016;25,6;86;9,6
15/10/2016;26,1;85;9999
16/10/2016;27,4;79;0,8
17/10/2016;27,2;77;9999
18/10/2016;27,2;84;6,8
19/10/2016;27,1;84;29,4
20/10/2016;27,3;81;10,8
21/10/2016;25,5;88;12,2
22/10/2016;26,8;84;8
23/10/2016;24,3;96;34,7
24/10/2016;25,8;89;10,3
25/10/2016;26;91;1,1
26/10/2016;26,6;84;0,9
27/10/2016;25;91;9999
28/10/2016;25,5;89;2,4
29/10/2016;25,8;89;8,7
30/10/2016;24,8;91;15,1
31/10/2016;25,7;86;45,9
01/11/2016;25,9;86;16,2
02/11/2016;26,1;85;9999
03/11/2016;26,5;85;9999
04/11/2016;26,9;81;1,1
05/11/2016;27,1;81;9999
06/11/2016;26,8;87;9999
07/11/2016;26,1;87;50,2
08/11/2016;25,6;90;3,3
09/11/2016;25,5;88;3,6
10/11/2016;26,2;85;15
11/11/2016;24,7;92;3,6
12/11/2016;25,7;89;25
13/11/2016;25,7;89;2,4
14/11/2016;25,9;89;19,5
15/11/2016;25,9;88;3,5
16/11/2016;25,4;86;13,1
17/11/2016;26,8;83;39,5
18/11/2016;25,2;92;3,9
19/11/2016;25,9;85;1,4
20/11/2016;26,7;86;37,2
21/11/2016;25,7;91;9,9
22/11/2016;25,8;87;1,8
23/11/2016;25,7;88;33,1
24/11/2016;26,9;84;0,5
25/11/2016;26,2;86;9999
26/11/2016;25;91;0,3
27/11/2016;26,4;89;12,7
28/11/2016;25,5;89;12,3
29/11/2016;25,9;89;14,1
30/11/2016;9999;9999;9999
01/12/2016;26,7;82;0,5
02/12/2016;25,4;84;8888
03/12/2016;26,7;80;6,8
04/12/2016;24,6;86;1,1
05/12/2016;24,7;86;8888
06/12/2016;25,6;88;8,1
07/12/2016;26;89;8888
08/12/2016;26,5;85;19,1
09/12/2016;26,7;83;0,3
10/12/2016;26,3;83;9999
11/12/2016;25;87;0,8
12/12/2016;25,2;86;19,9
13/12/2016;26,7;80;8888
14/12/2016;26,1;84;9999
15/12/2016;25,3;83;10,3
16/12/2016;26,7;75;0,3
17/12/2016;26,6;80;9999
18/12/2016;26,1;80;6,5
19/12/2016;26;83;8888
20/12/2016;27;77;1,2
21/12/2016;25,3;81;9999
22/12/2016;25,6;82;0,3
23/12/2016;26,9;81;3,4
24/12/2016;26,9;82;9999
25/12/2016;25,8;82;9999
26/12/2016;27,2;75;9999
27/12/2016;25,8;82;8
28/12/2016;26,6;80;0,1
29/12/2016;26,1;84;10,3
30/12/2016;24,9;90;9999
31/12/2016;26,3;81;19,6
01/01/2017;27,7;75;9999
02/01/2017;25,9;83;9999
03/01/2017;27,8;74;9999
04/01/2017;24,9;89;28,6
05/01/2017;26,1;87;2,6
06/01/2017;26,7;83;12,9
07/01/2017;27,1;77;9999
08/01/2017;26,9;78;9999
09/01/2017;24,6;94;0,2
10/01/2017;26,3;87;16,5
11/01/2017;26,1;87;8
12/01/2017;26,4;80;2,2
13/01/2017;26,8;83;0,4
14/01/2017;25,2;86;9999
15/01/2017;25,1;87;9
16/01/2017;24,2;90;1,3
17/01/2017;24,2;86;12,8
18/01/2017;26,6;76;4,2
19/01/2017;25,8;81;9999
20/01/2017;26;83;9999
21/01/2017;26,6;80;8888
22/01/2017;26,3;82;0,5
23/01/2017;26,6;83;0,2
24/01/2017;25,7;84;9999
25/01/2017;27;77;1,5
26/01/2017;25,6;83;1,5
27/01/2017;25,1;85;9999
28/01/2017;24,3;92;0,5
29/01/2017;24,5;90;12,7
30/01/2017;25,2;85;13,3
31/01/2017;25,1;88;1,5
01/02/2017;23,8;88;27
02/02/2017;24,9;83;5
03/02/2017;24,2;88;12,5
04/02/2017;24,4;89;21,3
05/02/2017;25,8;83;8,5
06/02/2017;25,5;82;1,1
07/02/2017;25,3;83;1,7
08/02/2017;25,7;82;8
09/02/2017;24;86;13,5
10/02/2017;24,5;88;31,5
11/02/2017;23,8;95;16,1
12/02/2017;24,8;91;31,3
13/02/2017;25,1;93;4,7
14/02/2017;25,2;88;10
15/02/2017;24,8;90;30,5
16/02/2017;24,7;89;36,6
17/02/2017;25,9;85;8,9
18/02/2017;25,5;88;5,8
19/02/2017;24,7;94;9999
20/02/2017;24,6;94;26,3
21/02/2017;24,4;91;75
22/02/2017;25,6;87;18
23/02/2017;25,3;88;11,9
24/02/2017;25,1;91;33
25/02/2017;25,4;86;8,5
26/02/2017;25,4;87;12
27/02/2017;25,3;90;40
28/02/2017;25,4;88;27,8
01/03/2017;25,7;89;4,3
02/03/2017;25,7;85;6,2
03/03/2017;26;86;0,4
04/03/2017;25,6;89;13,7
06/03/2017;26;86;6,8
07/03/2017;25;91;6,1
08/03/2017;26,3;84;44,2
09/03/2017;25,3;86;11,5
10/03/2017;25,7;87;0,8
11/03/2017;25,3;83;7,4
12/03/2017;25,5;84;1,8
13/03/2017;27,2;76;1,9
14/03/2017;27,2;77;9999
15/03/2017;26,2;80;8888
16/03/2017;26,5;81;9999
17/03/2017;25,8;85;18,8
18/03/2017;25,1;92;2,2
19/03/2017;25,4;86;16,1
20/03/2017;25,3;86;11,6
21/03/2017;26,3;83;2,4
22/03/2017;25,7;91;29,1
23/03/2017;25,2;91;6,8
24/03/2017;26,2;82;0,4
25/03/2017;26,4;88;9999
26/03/2017;24,9;91;9999
27/03/2017;25,4;86;18,2
28/03/2017;25,5;84;9999
29/03/2017;9999;9999;35,3
31/03/2017;25,6;89;24,2
01/04/2017;25,9;86;9999
02/04/2017;26,3;87;3,6
03/04/2017;25,8;89;1,2
04/04/2017;9999;9999;1,8
05/04/2017;25,7;88;1,6
06/04/2017;25,6;89;13,5
07/04/2017;26,1;86;10,1
08/04/2017;25,9;82;0,2
09/04/2017;26,1;9999;9999
10/04/2017;25,8;84;8888
11/04/2017;26,3;88;9,9
12/04/2017;26,3;84;50,3
13/04/2017;26,9;83;1
14/04/2017;26,4;88;3
15/04/2017;25,9;88;4
16/04/2017;25,7;87;12,2
17/04/2017;26,6;81;16,4
18/04/2017;27,1;82;9999
19/04/2017;25,9;85;1,1
20/04/2017;26;86;50
21/04/2017;27,1;84;8888
22/04/2017;25,3;92;9,3
23/04/2017;25,6;87;28,2
24/04/2017;26,2;86;2,8
25/04/2017;26,6;83;0
26/04/2017;26,1;83;8888
27/04/2017;25,8;86;2,2
28/04/2017;25,7;84;27,1
29/04/2017;26,6;79;34,4
30/04/2017;26,7;81;9999
01/05/2017;25,8;84;9999
02/05/2017;25,7;9999;48,1
03/05/2017;26,6;87;9999
04/05/2017;25,7;86;1,8
05/05/2017;24,7;89;11,4
06/05/2017;25,6;88;10,3
07/05/2017;25,3;88;17,1
08/05/2017;24,8;88;1,3
09/05/2017;27,3;82;9999
10/05/2017;25,2;93;26,5
11/05/2017;25,6;84;0
12/05/2017;25,8;87;0,5
13/05/2017;27,4;80;0,3
14/05/2017;26,6;84;2,8
15/05/2017;27,5;77;43,7
16/05/2017;27,4;83;8888
17/05/2017;27,7;83;8888
18/05/2017;27;82;8888
19/05/2017;27,4;83;0,5
20/05/2017;26,9;85;3,3
21/05/2017;27,7;76;1,1
22/05/2017;27,4;82;11,6
23/05/2017;27,1;79;0,7
24/05/2017;26,9;85;9999
25/05/2017;26,9;80;37
26/05/2017;26,6;80;9999
27/05/2017;27,8;81;9999
28/05/2017;25,8;89;9999
29/05/2017;25,9;90;29,4
30/05/2017;26,4;86;1
31/05/2017;26,7;83;9999
01/06/2017;26,4;81;1,2
02/06/2017;26,5;84;0,5
03/06/2017;26,2;87;9999
04/06/2017;26,2;86;38,5
05/06/2017;27,3;82;9,7
06/06/2017;26,7;82;10,8
07/06/2017;27,4;80;9999
08/06/2017;26,7;77;9999
09/06/2017;26,6;80;9999
10/06/2017;26,6;85;2,1
11/06/2017;26,2;87;1,8
12/06/2017;26,6;82;9
13/06/2017;26,7;83;0,2
14/06/2017;26,7;85;4
15/06/2017;26,5;85;51,2
16/06/2017;27,1;81;9999
17/06/2017;27;82;9999
18/06/2017;25,6;85;36,2
19/06/2017;25,8;81;50,8
20/06/2017;26,7;78;1,5
21/06/2017;26;78;9999
22/06/2017;26,2;84;8888
23/06/2017;26,1;85;9999
24/06/2017;25,6;85;8888
25/06/2017;26,6;80;9999
26/06/2017;25;91;3,3
27/06/2017;25,6;86;51,2
28/06/2017;25,5;85;8888
29/06/2017;25,3;87;10
30/06/2017;24,8;88;117,6
01/07/2017;24,9;77;8,6
02/07/2017;26,9;80;0,5
03/07/2017;9999;9999;9999
04/07/2017;27,1;81;20,7
05/07/2017;26,6;80;0
06/07/2017;26,1;79;6,6
07/07/2017;25,8;83;9999
08/07/2017;26,5;82;9999
09/07/2017;26,7;79;0,5
10/07/2017;26,2;85;74,1
11/07/2017;25,8;82;1,6
12/07/2017;26;82;0,5
13/07/2017;26,4;81;9999
14/07/2017;26;81;4,1
15/07/2017;26;81;9999
16/07/2017;25,4;84;9999
17/07/2017;25,3;72;1,5
18/07/2017;25,6;82;9999
19/07/2017;26,3;80;9999
20/07/2017;25,7;85;2,5
21/07/2017;26,2;83;5,6
22/07/2017;25,6;87;30,4
23/07/2017;26;87;65,8
24/07/2017;26,2;83;0,3
25/07/2017;26,2;78;12,5
26/07/2017;26,5;73;9999
27/07/2017;25,1;82;9999
28/07/2017;25,6;86;41,4
29/07/2017;25,6;89;77,3
30/07/2017;25;89;18,1
31/07/2017;26,6;83;29,3
01/08/2017;25,6;73;9999
02/08/2017;25,4;73;9999
03/08/2017;25,9;74;9999
04/08/2017;25,7;72;9999
05/08/2017;25,9;76;9999
06/08/2017;26,6;75;9999
07/08/2017;27;79;9999
08/08/2017;24,6;83;9999
09/08/2017;25,8;80;48
10/08/2017;26;85;70
11/08/2017;25,5;84;9999
12/08/2017;27,1;84;13,7
13/08/2017;26,1;84;2,8
14/08/2017;26,2;83;0,8
15/08/2017;25,9;80;0,4
16/08/2017;25,5;69;9999
17/08/2017;26,4;75;9999
18/08/2017;26,7;76;9999
19/08/2017;27,6;73;9999
20/08/2017;27;79;9999
21/08/2017;27;77;9999
22/08/2017;26,5;75;9999
23/08/2017;26;74;9999
24/08/2017;26,7;73;9999
25/08/2017;27;72;9999
26/08/2017;27,2;67;9999
27/08/2017;25,8;67;9999
28/08/2017;26;72;9999
29/08/2017;25,2;83;9999
30/08/2017;25,8;82;43,5
31/08/2017;26,8;76;9999
01/09/2017;26,4;73;1,1
02/09/2017;26,8;72;9999
03/09/2017;26,5;74;9999
04/09/2017;26,8;74;9999
05/09/2017;9999;9999;9999
08/09/2017;26,8;73;9999
09/09/2017;26,7;78;9999
10/09/2017;26,4;80;28,5
11/09/2017;9999;9999;0,2
13/09/2017;9999;9999;19,1
15/09/2017;27,4;75;0
16/09/2017;27,4;72;9999
17/09/2017;9999;9999;9999
19/09/2017;9999;9999;9999
21/09/2017;26;73;5,4
22/09/2017;26,3;70;9999
24/09/2017;9999;9999;63
25/09/2017;9999;9999;17,9
26/09/2017;9999;9999;2,1
27/09/2017;9999;9999;9999
28/09/2017;9999;9999;20,1
29/09/2017;26,2;86;9999
01/10/2017;25,8;83;14,8
02/10/2017;26,1;87;6,3
03/10/2017;25,5;88;76,9
04/10/2017;26,4;82;12,2
05/10/2017;27,3;78;9999
06/10/2017;27,4;76;9999
07/10/2017;26;79;9999
08/10/2017;9999;9999;38,1
09/10/2017;25,8;85;1
10/10/2017;26,6;84;5,6
11/10/2017;27,3;80;9999
12/10/2017;25,4;85;7,2
13/10/2017;25,7;81;8,4
14/10/2017;27,4;79;3,7
15/10/2017;27,3;74;9999
16/10/2017;25,5;88;0,5
17/10/2017;26,9;79;2,7
18/10/2017;26,9;80;8888
20/10/2017;25,7;87;6,7
21/10/2017;28;79;56,6
22/10/2017;27,8;79;9999
23/10/2017;26,4;81;9999
24/10/2017;27,4;78;11,8
25/10/2017;27,1;80;9999
27/10/2017;26,3;84;6,7
28/10/2017;26,4;84;10,1
29/10/2017;25,8;88;19,3
30/10/2017;9999;9999;13,5
01/11/2017;27;76;8888
02/11/2017;27,4;79;9999
03/11/2017;27,7;78;9999
04/11/2017;26,5;84;9999
05/11/2017;27,2;82;38,6
06/11/2017;27,4;79;8888
07/11/2017;25,8;89;5
08/11/2017;26,9;80;0,2
09/11/2017;26,3;83;0,2
10/11/2017;26;82;18,4
11/11/2017;26,4;80;9,8
12/11/2017;26,4;84;6
13/11/2017;24,7;92;0,1
14/11/2017;25,9;82;4,8
15/11/2017;26,8;85;5,3
16/11/2017;25,1;91;9999
17/11/2017;24,6;90;23,2
18/11/2017;25,5;88;2
19/11/2017;25,3;86;41,4
20/11/2017;27,4;77;0,2
21/11/2017;26,1;76;9999
22/11/2017;25,8;87;8888
23/11/2017;27,5;79;0,5
24/11/2017;27,6;72;8888
25/11/2017;26,9;80;9999
26/11/2017;25,2;89;9999
27/11/2017;25,3;87;16,3
28/11/2017;25,1;84;29,7
29/11/2017;27,6;69;1,8
30/11/2017;24,4;89;3,3
01/12/2017;24,7;81;10,2
02/12/2017;26,1;79;8888
03/12/2017;27,4;79;9999
04/12/2017;26,9;80;9999
05/12/2017;26,2;79;0
06/12/2017;27,1;74;9999
07/12/2017;27,9;76;9999
08/12/2017;27,9;79;1,2
09/12/2017;26,4;84;24,7
10/12/2017;26,4;82;0,4
11/12/2017;25,6;90;33,2
12/12/2017;24,9;92;11,2
13/12/2017;25,5;88;10,6
14/12/2017;24,5;91;8888
17/12/2017;24,7;88;15,2
18/12/2017;25,8;85;7,2
19/12/2017;9999;9999;30
22/12/2017;25,9;87;1,2
23/12/2017;26,1;83;8888
24/12/2017;27,3;76;0,3
25/12/2017;25,6;76;9999
26/12/2017;25,8;77;9999
27/12/2017;26;82;9999
28/12/2017;9999;9999;9999
29/12/2017;9999;9999;9999
30/12/2017;26,2;84;9999
31/12/2017;25,9;84;3,3
01/01/2018;26,9;78;9999
02/01/2018;27;79;9999
03/01/2018;26,2;85;22,4
04/01/2018;25,5;88;27,5
05/01/2018;25,9;81;0,5
06/01/2018;27,2;74;0,5
07/01/2018;26,2;84;9999
08/01/2018;27,2;80;9999
09/01/2018;26,6;80;9999
10/01/2018;26,7;74;9999
11/01/2018;25,6;79;8888
12/01/2018;26;76;1,2
13/01/2018;26,3;77;0,6
14/01/2018;25,5;81;4,9
15/01/2018;24,4;87;3,7
16/01/2018;24,1;85;7,7
17/01/2018;25,9;76;1,3
18/01/2018;25,4;84;0
19/01/2018;25,2;81;1,9
20/01/2018;25,9;79;1,1
21/01/2018;25,8;80;3,4
22/01/2018;24,3;87;17,4
23/01/2018;25,5;81;29,8
24/01/2018;26,7;78;16,1
25/01/2018;24,9;82;7,4
26/01/2018;24;92;8,8
27/01/2018;26;79;10,8
28/01/2018;24,2;89;0,8
29/01/2018;24,2;90;17,4
30/01/2018;26,2;83;9999
31/01/2018;26,4;82;3,3
01/02/2018;27,2;78;8888
02/02/2018;27,6;73;9999
03/02/2018;25,6;86;61,5
04/02/2018;25,8;86;13,3
05/02/2018;24,9;84;30,4
06/02/2018;23,5;95;10,4
07/02/2018;26,4;79;21,4
08/02/2018;24,3;90;4,1
09/02/2018;24,9;90;4,3
10/02/2018;25,6;89;8,7
11/02/2018;25,3;87;3,7
12/02/2018;24,7;88;1,2
13/02/2018;25,4;82;62,7
14/02/2018;25,3;85;11,7
15/02/2018;24,4;89;0,5
16/02/2018;26,2;84;55,1
17/02/2018;25,2;81;8888
18/02/2018;25,4;85;0,4
19/02/2018;26,5;84;4,8
20/02/2018;26;86;2,8
21/02/2018;25,8;87;8888
22/02/2018;26;86;8,9
23/02/2018;26,6;83;9999
24/02/2018;26;84;2,7
25/02/2018;25,6;86;9999
26/02/2018;25,1;88;11,9
27/02/2018;25,6;88;16,7
28/02/2018;25,6;87;2,1
01/03/2018;25,5;89;9,7
02/03/2018;25,8;86;4,3
03/03/2018;26,9;86;25
04/03/2018;26,7;83;1
05/03/2018;25,9;84;0,1
06/03/2018;26;89;7,4
07/03/2018;26,2;84;18,2
08/03/2018;26,3;85;0,5
09/03/2018;26,2;86;8888
10/03/2018;26,3;86;0
11/03/2018;25,9;86;3,8
12/03/2018;26;88;0,8
13/03/2018;25,9;82;8888
14/03/2018;26,1;82;1,5
15/03/2018;27,2;73;0,4
16/03/2018;26,1;80;9999
17/03/2018;25,3;83;9999
18/03/2018;25,8;78;6,3
19/03/2018;26,1;84;23,5
20/03/2018;26,3;83;11,3
21/03/2018;25,5;83;9999
22/03/2018;24,4;87;9999
23/03/2018;26,2;84;6,7
24/03/2018;25,1;86;0,7
25/03/2018;25,8;82;13,7
26/03/2018;25,8;86;0,8
27/03/2018;25,6;84;9999
28/03/2018;26,3;80;9999
29/03/2018;26,4;80;9999
30/03/2018;26,4;75;9999
31/03/2018;27,5;79;9999
01/04/2018;27,3;80;9999
02/04/2018;26,3;83;2,8
03/04/2018;26,7;82;2,4
04/04/2018;26,4;81;38,3
05/04/2018;26,6;83;3,6
06/04/2018;27,6;81;10,4
07/04/2018;25,3;86;9999
08/04/2018;25,5;88;42,1
09/04/2018;26,1;85;8888
10/04/2018;27,1;78;2,9
11/04/2018;27;82;11,2
12/04/2018;27,1;80;9999
13/04/2018;27,1;84;9999
14/04/2018;26,2;89;49,1
15/04/2018;26,4;87;25,2
16/04/2018;26,1;87;14,4
17/04/2018;25,5;91;17,3
18/04/2018;26,3;86;10,8
19/04/2018;26,3;87;9999
20/04/2018;26,6;86;26
21/04/2018;25,7;87;9999
22/04/2018;26,4;84;30,6
23/04/2018;25,2;94;10,1
24/04/2018;25,3;92;42,3
25/04/2018;25;91;9999
26/04/2018;24,4;96;8888
27/04/2018;26,2;84;7,1
28/04/2018;26,9;85;9,2
29/04/2018;27,4;82;9999
30/04/2018;26,8;78;8888
01/05/2018;27;78;9999
02/05/2018;26,1;79;9999
03/05/2018;25,5;84;9999
04/05/2018;25,7;87;9,5
05/05/2018;26,7;82;47,2
06/05/2018;27,5;77;9999
07/05/2018;27,3;75;9999
08/05/2018;25,8;82;9999
09/05/2018;27,1;77;6,1
10/05/2018;27,6;77;8888
11/05/2018;26,6;78;9999
12/05/2018;26,8;77;9999
13/05/2018;27,6;75;9999
14/05/2018;27,7;79;9999
15/05/2018;26,3;83;9999
16/05/2018;25,8;86;2
17/05/2018;25,7;90;134,5
18/05/2018;27,3;84;4,1
19/05/2018;25,1;90;3,1
20/05/2018;26,1;86;14
21/05/2018;26;86;9,8
22/05/2018;26,9;82;42,7
23/05/2018;27,1;83;9999
24/05/2018;26,9;84;9,4
25/05/2018;26,2;87;8888
26/05/2018;26,9;83;8888
27/05/2018;26,9;84;0
28/05/2018;26,5;85;9999
29/05/2018;26,6;81;1,7
30/05/2018;26,9;78;9999
31/05/2018;26,8;81;9999
01/06/2018;26,1;79;9999
02/06/2018;25,8;81;9999
03/06/2018;26,9;82;9999
04/06/2018;27,2;82;9999
05/06/2018;27,6;81;9999
06/06/2018;27;84;8888
07/06/2018;27;85;13,9
08/06/2018;26,1;85;36,9
09/06/2018;26,8;83;2,6
10/06/2018;27,2;81;3,9
11/06/2018;27,3;81;9999
12/06/2018;25,8;87;3,8
13/06/2018;26,7;81;9
14/06/2018;27,6;80;1,2
15/06/2018;26,2;81;9999
16/06/2018;26,7;78;11,6
17/06/2018;27,3;79;9999
18/06/2018;26;75;9999
19/06/2018;25,8;78;9999
20/06/2018;26,9;76;9999
21/06/2018;27,1;78;4,3
22/06/2018;26,6;82;9999
23/06/2018;25,5;87;8888
24/06/2018;24,1;90;35,2
25/06/2018;23,3;93;91,3
26/06/2018;23,7;89;2,8
27/06/2018;25,4;86;34,6
28/06/2018;25,6;84;8888
29/06/2018;25,3;82;9999
30/06/2018;25;85;9,1
01/07/2018;25,9;82;20,5
02/07/2018;25,9;74;9999
03/07/2018;26,2;78;9999
04/07/2018;25,6;78;3,3
05/07/2018;25,8;76;9999
06/07/2018;24,3;68;9999
07/07/2018;24,1;75;9999
08/07/2018;24,9;80;9999
09/07/2018;26;78;9,6
10/07/2018;26,8;76;9999
11/07/2018;26,4;75;9999
12/07/2018;25,7;74;9999
13/07/2018;24,9;75;9999
14/07/2018;25,3;78;9999
15/07/2018;27;63;4,5
16/07/2018;24,9;73;8888
17/07/2018;25,3;76;9999
18/07/2018;25,5;76;8888
19/07/2018;25,8;76;9999
20/07/2018;27,3;76;9999
21/07/2018;26,1;82;9999
22/07/2018;26,5;83;4,7
23/07/2018;26,6;75;11,4
24/07/2018;26,8;80;1,2
25/07/2018;26,3;78;8888
26/07/2018;26;79;17,5
27/07/2018;25,9;75;9999
28/07/2018;24,9;78;9999
29/07/2018;24,8;76;9999
30/07/2018;24,9;78;9999
31/07/2018;26,1;75;9999
01/08/2018;25,5;76;9999
02/08/2018;25;75;5,9
03/08/2018;24,4;73;9999
04/08/2018;24,4;68;9999
05/08/2018;25,1;69;9999
06/08/2018;23,3;73;9999
07/08/2018;26,3;69;9999
08/08/2018;25,8;76;9999
09/08/2018;26;80;9999
10/08/2018;25,3;80;8888
11/08/2018;25,9;72;2,1
12/08/2018;26,3;76;9999
13/08/2018;27,2;74;9,5
14/08/2018;26,3;79;3,8
15/08/2018;26,6;71;9999
16/08/2018;26,3;69;9999
17/08/2018;26,1;74;9999
18/08/2018;25,1;69;9999
19/08/2018;24,6;72;9999
20/08/2018;26,2;73;9999
21/08/2018;26,7;75;9999
22/08/2018;27,1;75;9999
23/08/2018;26;76;0
24/08/2018;26,1;76;7,4
25/08/2018;26,9;74;9999
26/08/2018;26,5;74;9999
27/08/2018;26,7;77;1,8
28/08/2018;26,1;81;0
29/08/2018;25,8;82;41,6
30/08/2018;26,5;77;1,6
31/08/2018;26,2;76;9999
01/09/2018;26,5;78;0,3
02/09/2018;25,2;84;0
03/09/2018;26,1;80;59,5
04/09/2018;24,8;77;9999
05/09/2018;25,4;77;9999
06/09/2018;27;73;8888
07/09/2018;25,1;81;9999
08/09/2018;26;81;67
09/09/2018;26,2;70;0,3
10/09/2018;26,7;70;9999
11/09/2018;26,8;72;9999
12/09/2018;26;79;0
13/09/2018;25,7;72;3
14/09/2018;25,4;73;9999
15/09/2018;26;71;9999
16/09/2018;26,6;64;0
17/09/2018;26,4;66;9999
18/09/2018;27;71;9999
19/09/2018;26,6;77;9999
20/09/2018;26,4;80;9999
21/09/2018;26,2;83;0
22/09/2018;26,6;76;8888
23/09/2018;25,3;83;1,3
24/09/2018;26,3;73;31,6
25/09/2018;26,1;77;9999
26/09/2018;26,1;76;9999
27/09/2018;26,2;79;9999
28/09/2018;26,9;70;9,5
29/09/2018;26;73;9999
30/09/2018;26,4;77;9999
01/10/2018;26,5;80;2
02/10/2018;26,8;78;0
03/10/2018;26,4;82;9999
04/10/2018;27,3;80;0,3
05/10/2018;26,9;82;0,2
06/10/2018;27,4;75;9999
07/10/2018;26,9;70;9999
08/10/2018;27,3;67;9999
09/10/2018;27;67;9999
10/10/2018;25,6;78;9999
11/10/2018;27,2;74;7
12/10/2018;26,3;80;9999
13/10/2018;26,7;80;29,7
14/10/2018;26;79;0,9
15/10/2018;27;78;1,4
16/10/2018;26,3;82;1,3
17/10/2018;27,1;76;9999
18/10/2018;26,8;80;2,5
19/10/2018;26,7;82;2,3
20/10/2018;26;85;40,5
21/10/2018;27,2;76;38,1
22/10/2018;26,2;80;9999
23/10/2018;26;86;19,1
24/10/2018;25,6;85;0,5
25/10/2018;25,9;84;68,5
26/10/2018;26,4;82;37,2
27/10/2018;26,2;86;4,4
28/10/2018;26,6;86;2,7
29/10/2018;27;82;116
30/10/2018;25,9;88;9999
31/10/2018;27;79;36,9
01/11/2018;26,8;83;9999
02/11/2018;26,8;81;22,7
03/11/2018;25,4;85;9999
04/11/2018;25,6;87;4,5
05/11/2018;26,4;87;24,6
06/11/2018;27;84;16,1
07/11/2018;25,8;88;5,2
08/11/2018;25,9;87;5,8
09/11/2018;26,1;87;50
10/11/2018;26,2;86;4,2
11/11/2018;26,1;85;28,7
12/11/2018;26,1;82;3,1
13/11/2018;26,4;83;9999
14/11/2018;27;77;8888
15/11/2018;27,3;77;8888
16/11/2018;28,5;72;9,4
17/11/2018;26,2;79;9999
18/11/2018;27;84;11,6
19/11/2018;26,9;81;9999
20/11/2018;26,4;83;15,1
21/11/2018;26,2;85;1,1
22/11/2018;26,3;83;40,7
23/11/2018;26,3;81;9999
24/11/2018;27,1;77;9999
25/11/2018;26,6;81;9999
26/11/2018;25,3;88;9999
27/11/2018;25,3;86;11,6
28/11/2018;26,5;82;54,9
29/11/2018;25,9;89;0,6
30/11/2018;25,9;88;76,8
01/12/2018;26;87;12,5
02/12/2018;26,7;80;9999
03/12/2018;25;92;10,8
04/12/2018;25,4;88;52,2
05/12/2018;25,2;88;52,2
06/12/2018;26;87;8,9
07/12/2018;25,9;86;19,2
08/12/2018;25,8;87;12,3
09/12/2018;26;87;0,5
10/12/2018;26,5;88;4,1
11/12/2018;26,4;85;9999
12/12/2018;25,4;93;0,6
13/12/2018;25,6;85;62
14/12/2018;25,8;85;22
15/12/2018;26;85;3,2
16/12/2018;26,2;82;9999
17/12/2018;28,2;74;8888
18/12/2018;27,1;81;9999
19/12/2018;9999;9999;1
20/12/2018;9999;9999;4,6
21/12/2018;9999;9999;9999
